Id_cliente,Nombre_cliente,Telefono_cliente,Correo_cliente
1,Sofía Rojas,+56 9 12345678,sofia.rojas@email.com
2,Benjamín Muñoz,+56 9 87654321,benjamin.munoz@email.com
3,Martina Soto,+56 9 11223344,martina.soto@email.com
4,Agustín Vidal,+56 9 55667788,agustin.vidal@email.com
5,Isidora Pérez,+56 9 99887766,isidora.perez@email.com
6,Sebastián Flores,+56 9 44332211,sebastian.flores@email.com
7,Emilia Gómez,+56 9 66778899,emilia.gomez@email.com
8,Joaquín Morales,+56 9 22113344,joaquin.morales@email.com
9,Valentina Díaz,+56 9 77889900,valentina.diaz@email.com
10,Lucas Castro,+56 9 33445566,lucas.castro@email.com
11,Josefa Rivas,+56 9 12341234,josefa.rivas@email.com
12,Ignacio Torres,+56 9 56785678,ignacio.torres@email.com
13,Antonia Valenzuela,+56 9 90129012,antonia.valenzuela@email.com
14,Diego Herrera,+56 9 34563456,diego.herrera@email.com
15,Camila Garcés,+56 9 78907890,camila.garces@email.com
16,Matías Bustamante,+56 9 21098765,matias.bustamante@email.com
17,Florencia Lagos,+56 9 87654321,florencia.lagos@email.com
18,Nicolás Romero,+56 9 12345678,nicolas.romero@email.com
19,Constanza Saavedra,+56 9 55443322,constanza.saavedra@email.com
20,Gabriel Vargas,+56 9 99887766,gabriel.vargas@email.com
21,Fernanda Rojas,+56 9 11223344,fernanda.rojas@email.com
22,Tomás Muñoz,+56 9 66778899,tomas.munoz@email.com
23,Paulina Soto,+56 9 22113344,paulina.soto@email.com
24,Cristóbal Vidal,+56 9 77889900,cristobal.vidal@email.com
25,Daniela Pérez,+56 9 33445566,daniela.perez@email.com
26,Andrés Flores,+56 9 12341234,andres.flores@email.com
27,Alejandra Gómez,+56 9 56785678,alejandra.gomez@email.com
28,Francisco Morales,+56 9 90129012,francisco.morales@email.com
29,Javiera Díaz,+56 9 34563456,javiera.diaz@email.com
30,Manuel Castro,+56 9 78907890,manuel.castro@email.com
31,Victoria Rivas,+56 9 21098765,victoria.rivas@email.com
32,Bastián Torres,+56 9 87654321,bastian.torres@email.com
33,Consuelo Valenzuela,+56 9 12345678,consuelo.valenzuela@email.com
34,Felipe Herrera,+56 9 55443322,felipe.herrera@email.com
35,Francisca Garcés,+56 9 99887766,francisca.garces@email.com
36,Gonzalo Bustamante,+56 9 11223344,gonzalo.bustamante@email.com
37,Jose Luis Lagos,+56 9 66778899,joseluis.lagos@email.com
38,Laura Romero,+56 9 22113344,laura.romero@email.com
39,Renato Saavedra,+56 9 77889900,renato.saavedra@email.com
40,Emilio Vargas,+56 9 33445566,emilio.vargas@email.com
41,Isidora Soto,+56 9 12341234,isidora.soto@email.com
42,Gabriel Pino,+56 9 56785678,gabriel.pino@email.com
43,Valentina Espinoza,+56 9 90129012,valentina.espinoza@email.com
44,Diego Contreras,+56 9 34563456,diego.contreras@email.com
45,Camila Orellana,+56 9 78907890,camila.orellana@email.com
46,Matías Sandoval,+56 9 21098765,matias.sandoval@email.com
47,Florencia Núñez,+56 9 87654321,florencia.nunez@email.com
48,Nicolás González,+56 9 12345678,nicolas.gonzalez@email.com
49,Constanza Pérez,+56 9 55443322,constanza.perez@email.com
50,Maximiliano Fernández,+56 9 99887766,maximiliano.fernandez@email.com
51,Fernanda Torres,+56 9 11223344,fernanda.torres@email.com
52,Tomás Morales,+56 9 66778899,tomas.morales@email.com
53,Paulina Valenzuela,+56 9 22113344,paulina.valenzuela@email.com
54,Cristóbal Herrera,+56 9 77889900,cristobal.herrera@email.com
55,Daniela Garcés,+56 9 33445566,daniela.garces@email.com
56,Andrés Bustamante,+56 9 12341234,andres.bustamante@email.com
57,Alejandra Lagos,+56 9 56785678,alejandra.lagos@email.com
58,Francisco Romero,+56 9 90129012,francisco.romero@email.com
59,Javiera Saavedra,+56 9 34563456,javiera.saavedra@email.com
60,Manuel Vargas,+56 9 78907890,manuel.vargas@email.com
61,Victoria Pino,+56 9 21098765,victoria.pino@email.com
62,Bastián Espinoza,+56 9 87654321,bastian.espinoza@email.com
63,Consuelo Contreras,+56 9 12345678,consuelo.contreras@email.com
64,Felipe Orellana,+56 9 55443322,felipe.orellana@email.com
65,Francisca Sandoval,+56 9 99887766,francisca.sandoval@email.com
66,Gonzalo Núñez,+56 9 11223344,gonzalo.nunez@email.com
67,Jose Luis González,+56 9 66778899,joseluis.gonzalez@email.com
68,Laura Fernández,+56 9 22113344,laura.fernandez@email.com
69,Renato Torres,+56 9 77889900,renato.torres@email.com
70,Emilio Morales,+56 9 33445566,emilio.morales@email.com
71,Isidora Valenzuela,+56 9 12341234,isidora.valenzuela@email.com
72,Gabriel Herrera,+56 9 56785678,gabriel.herrera@email.com
73,Valentina Garcés,+56 9 90129012,valentina.garces@email.com
74,Diego Bustamante,+56 9 34563456,diego.bustamante@email.com
75,Camila Lagos,+56 9 78907890,camila.lagos@email.com
76,Matías Romero,+56 9 21098765,matias.romero@email.com
77,Florencia Saavedra,+56 9 87654321,florencia.saavedra@email.com
78,Nicolás Vargas,+56 9 12345678,nicolas.vargas@email.com
79,Constanza Pino,+56 9 55443322,constanza.pino@email.com
80,Maximiliano Espinoza,+56 9 99887766,maximiliano.espinoza@email.com
81,Fernanda Contreras,+56 9 11223344,fernanda.contreras@email.com
82,Tomás Orellana,+56 9 66778899,tomas.orellana@email.com
83,Paulina Sandoval,+56 9 22113344,paulina.sandoval@email.com
84,Cristóbal Núñez,+56 9 77889900,cristobal.nunez@email.com
85,Daniela González,+56 9 33445566,daniela.gonzalez@email.com
86,Andrés Fernández,+56 9 12341234,andres.fernandez@email.com
87,Alejandra Torres,+56 9 56785678,alejandra.torres@email.com
88,Francisco Morales,+56 9 90129012,francisco.morales@email.com
89,Javiera Valenzuela,+56 9 34563456,javiera.valenzuela@email.com
90,Manuel Herrera,+56 9 78907890,manuel.herrera@email.com
91,Victoria Garcés,+56 9 21098765,victoria.garces@email.com
92,Bastián Bustamante,+56 9 87654321,bastian.bustamante@email.com
93,Consuelo Lagos,+56 9 12345678,consuelo.lagos@email.com
94,Felipe Romero,+56 9 55443322,felipe.romero@email.com
95,Francisca Saavedra,+56 9 99887766,francisca.saavedra@email.com
96,Gonzalo Vargas,+56 9 11223344,gonzalo.vargas@email.com
97,Jose Luis Pino,+56 9 66778899,joseluis.pino@email.com
98,Laura Espinoza,+56 9 22113344,laura.espinoza@email.com
99,Renato Contreras,+56 9 77889900,renato.contreras@email.com
100,Emilio Orellana,+56 9 33445566,emilio.orellana@email.com
101,Isidora Sandoval,+56 9 12341234,isidora.sandoval@email.com
102,Gabriel Núñez,+56 9 56785678,gabriel.nunez@email.com
103,Valentina González,+56 9 90129012,valentina.gonzalez@email.com
104,Diego Fernández,+56 9 34563456,diego.fernandez@email.com
105,Camila Torres,+56 9 78907890,camila.torres@email.com
106,Matías Morales,+56 9 21098765,matias.morales@email.com
107,Florencia Valenzuela,+56 9 87654321,florencia.valenzuela@email.com
108,Nicolás Herrera,+56 9 12345678,nicolas.herrera@email.com
109,Constanza Garcés,+56 9 55443322,constanza.garces@email.com
110,Maximiliano Bustamante,+56 9 99887766,maximiliano.bustamante@email.com
111,Fernanda Lagos,+56 9 11223344,fernanda.lagos@email.com
112,Tomás Romero,+56 9 66778899,tomas.romero@email.com
113,Paulina Saavedra,+56 9 22113344,paulina.saavedra@email.com
114,Cristóbal Vargas,+56 9 77889900,cristobal.vargas@email.com
115,Daniela Pino,+56 9 33445566,daniela.pino@email.com
116,Andrés Espinoza,+56 9 12341234,andres.espinoza@email.com
117,Alejandra Contreras,+56 9 56785678,alejandra.contreras@email.com
118,Francisco Orellana,+56 9 90129012,francisco.orellana@email.com
119,Javiera Sandoval,+56 9 34563456,javiera.sandoval@email.com
120,Manuel Núñez,+56 9 78907890,manuel.nunez@email.com
121,Victoria González,+56 9 21098765,victoria.gonzalez@email.com
122,Bastián Fernández,+56 9 87654321,bastian.fernandez@email.com
123,Consuelo Torres,+56 9 12345678,consuelo.torres@email.com
124,Felipe Morales,+56 9 55443322,felipe.morales@email.com
125,Francisca Valenzuela,+56 9 99887766,francisca.valenzuela@email.com
126,Gonzalo Herrera,+56 9 11223344,gonzalo.herrera@email.com
127,Jose Luis Garcés,+56 9 66778899,joseluis.garces@email.com
128,Laura Bustamante,+56 9 22113344,laura.bustamante@email.com
129,Renato Lagos,+56 9 77889900,renato.lagos@email.com
130,Emilio Romero,+56 9 33445566,emilio.romero@email.com
131,Isidora Saavedra,+56 9 12341234,isidora.saavedra@email.com
132,Gabriel Vargas,+56 9 56785678,gabriel.vargas@email.com
133,Valentina Pino,+56 9 90129012,valentina.pino@email.com
134,Diego Espinoza,+56 9 34563456,diego.espinoza@email.com
135,Camila Contreras,+56 9 78907890,camila.contreras@email.com
136,Matías Orellana,+56 9 21098765,matias.orellana@email.com
137,Florencia Sandoval,+56 9 87654321,florencia.sandoval@email.com
138,Nicolás Núñez,+56 9 12345678,nicolas.nunez@email.com
139,Constanza González,+56 9 55443322,constanza.gonzalez@email.com
140,Maximiliano Fernández,+56 9 99887766,maximiliano.fernandez@email.com
141,Fernanda Torres,+56 9 11223344,fernanda.torres@email.com
142,Tomás Morales,+56 9 66778899,tomas.morales@email.com
143,Paulina Valenzuela,+56 9 22113344,paulina.valenzuela@email.com
144,Cristóbal Herrera,+56 9 77889900,cristobal.herrera@email.com
145,Daniela Garcés,+56 9 33445566,daniela.garces@email.com
146,Andrés Bustamante,+56 9 12341234,andres.bustamante@email.com
147,Alejandra Lagos,+56 9 56785678,alejandra.lagos@email.com
148,Francisco Romero,+56 9 90129012,francisco.romero@email.com
149,Javiera Saavedra,+56 9 34563456,javiera.saavedra@email.com
150,Manuel Vargas,+56 9 78907890,manuel.vargas@email.com
151,Victoria Pino,+56 9 21098765,victoria.pino@email.com
152,Bastián Espinoza,+56 9 87654321,bastian.espinoza@email.com
153,Consuelo Contreras,+56 9 12345678,consuelo.contreras@email.com
154,Felipe Orellana,+56 9 55443322,felipe.orellana@email.com
155,Francisca Sandoval,+56 9 99887766,francisca.sandoval@email.com
156,Gonzalo Núñez,+56 9 11223344,gonzalo.nunez@email.com
157,Jose Luis González,+56 9 66778899,joseluis.gonzalez@email.com
158,Laura Fernández,+56 9 22113344,laura.fernandez@email.com
159,Renato Torres,+56 9 77889900,renato.torres@email.com
160,Emilio Morales,+56 9 33445566,emilio.morales@email.com
161,Isidora Valenzuela,+56 9 12341234,isidora.valenzuela@email.com
162,Gabriel Herrera,+56 9 56785678,gabriel.herrera@email.com
163,Valentina Garcés,+56 9 90129012,valentina.garces@email.com
164,Diego Bustamante,+56 9 34563456,diego.bustamante@email.com
165,Camila Lagos,+56 9 78907890,camila.lagos@email.com
166,Matías Romero,+56 9 21098765,matias.romero@email.com
167,Florencia Saavedra,+56 9 87654321,florencia.saavedra@email.com
168,Nicolás Vargas,+56 9 12345678,nicolas.vargas@email.com
169,Constanza Pino,+56 9 55443322,constanza.pino@email.com
170,Maximiliano Espinoza,+56 9 99887766,maximiliano.espinoza@email.com
171,Fernanda Contreras,+56 9 11223344,fernanda.contreras@email.com
172,Tomás Orellana,+56 9 66778899,tomas.orellana@email.com
173,Paulina Sandoval,+56 9 22113344,paulina.sandoval@email.com
174,Cristóbal Núñez,+56 9 77889900,cristobal.nunez@email.com
175,Daniela González,+56 9 33445566,daniela.gonzalez@email.com
176,Andrés Fernández,+56 9 12341234,andres.fernandez@email.com
177,Alejandra Torres,+56 9 56785678,alejandra.torres@email.com
178,Francisco Morales,+56 9 90129012,francisco.morales@email.com
179,Javiera Valenzuela,+56 9 34563456,javiera.valenzuela@email.com
180,Manuel Herrera,+56 9 78907890,manuel.herrera@email.com
181,Victoria Garcés,+56 9 21098765,victoria.garces@email.com
182,Bastián Bustamante,+56 9 87654321,bastian.bustamante@email.com
183,Consuelo Lagos,+56 9 12345678,consuelo.lagos@email.com
184,Felipe Romero,+56 9 55443322,felipe.romero@email.com
185,Francisca Saavedra,+56 9 99887766,francisca.saavedra@email.com
186,Gonzalo Vargas,+56 9 11223344,gonzalo.vargas@email.com
187,Jose Luis Pino,+56 9 66778899,joseluis.pino@email.com
188,Laura Espinoza,+56 9 22113344,laura.espinoza@email.com
189,Renato Contreras,+56 9 77889900,renato.contreras@email.com
190,Emilio Orellana,+56 9 33445566,emilio.orellana@email.com
191,Isidora Sandoval,+56 9 12341234,isidora.sandoval@email.com
192,Gabriel Núñez,+56 9 56785678,gabriel.nunez@email.com
193,Valentina González,+56 9 90129012,valentina.gonzalez@email.com
194,Diego Fernández,+56 9 34563456,diego.fernandez@email.com
195,Camila Torres,+56 9 78907890,camila.torres@email.com
196,Matías Morales,+56 9 21098765,matias.morales@email.com
197,Florencia Valenzuela,+56 9 87654321,florencia.valenzuela@email.com
198,Nicolás Herrera,+56 9 12345678,nicolas.herrera@email.com
199,Constanza Garcés,+56 9 55443322,constanza.garces@email.com
200,Maximiliano Bustamante,+56 9 99887766,maximiliano.bustamante@email.com
201,Fernanda Lagos,+56 9 11223344,fernanda.lagos@email.com
202,Tomás Romero,+56 9 66778899,tomas.romero@email.com
203,Paulina Saavedra,+56 9 22113344,paulina.saavedra@email.com
204,Cristóbal Vargas,+56 9 77889900,cristobal.vargas@email.com
205,Daniela Pino,+56 9 33445566,daniela.pino@email.com
206,Andrés Espinoza,+56 9 12341234,andres.espinoza@email.com
207,Alejandra Contreras,+56 9 56785678,alejandra.contreras@email.com
208,Francisco Orellana,+56 9 90129012,francisco.orellana@email.com
209,Javiera Sandoval,+56 9 34563456,javiera.sandoval@email.com
210,Manuel Núñez,+56 9 78907890,manuel.nunez@email.com
211,Victoria González,+56 9 21098765,victoria.gonzalez@email.com
212,Bastián Fernández,+56 9 87654321,bastian.fernandez@email.com
213,Consuelo Torres,+56 9 12345678,consuelo.torres@email.com
214,Felipe Morales,+56 9 55443322,felipe.morales@email.com
215,Francisca Valenzuela,+56 9 99887766,francisca.valenzuela@email.com
216,Gonzalo Herrera,+56 9 11223344,gonzalo.herrera@email.com
217,Jose Luis Garcés,+56 9 66778899,joseluis.garces@email.com
218,Laura Bustamante,+56 9 22113344,laura.bustamante@email.com
219,Renato Lagos,+56 9 77889900,renato.lagos@email.com
220,Emilio Romero,+56 9 33445566,emilio.romero@email.com
221,Isidora Saavedra,+56 9 12341234,isidora.saavedra@email.com
222,Gabriel Vargas,+56 9 56785678,gabriel.vargas@email.com
223,Valentina Pino,+56 9 90129012,valentina.pino@email.com
224,Diego Espinoza,+56 9 34563456,diego.espinoza@email.com
225,Camila Contreras,+56 9 78907890,camila.contreras@email.com
226,Matías Orellana,+56 9 21098765,matias.orellana@email.com
227,Florencia Sandoval,+56 9 87654321,florencia.sandoval@email.com
228,Nicolás Núñez,+56 9 12345678,nicolas.nunez@email.com
229,Constanza González,+56 9 55443322,constanza.gonzalez@email.com
230,Maximiliano Fernández,+56 9 99887766,maximiliano.fernandez@email.com
231,Fernanda Torres,+56 9 11223344,fernanda.torres@email.com
232,Tomás Morales,+56 9 66778899,tomas.morales@email.com
233,Paulina Valenzuela,+56 9 22113344,paulina.valenzuela@email.com
234,Cristóbal Herrera,+56 9 77889900,cristobal.herrera@email.com
235,Daniela Garcés,+56 9 33445566,daniela.garces@email.com
236,Andrés Bustamante,+56 9 12341234,andres.bustamante@email.com
237,Alejandra Lagos,+56 9 56785678,alejandra.lagos@email.com
238,Francisco Romero,+56 9 90129012,francisco.romero@email.com
239,Javiera Saavedra,+56 9 34563456,javiera.saavedra@email.com
240,Manuel Vargas,+56 9 78907890,manuel.vargas@email.com
241,Victoria Pino,+56 9 21098765,victoria.pino@email.com
242,Bastián Espinoza,+56 9 87654321,bastian.espinoza@email.com
243,Consuelo Contreras,+56 9 12345678,consuelo.contreras@email.com
244,Felipe Orellana,+56 9 55443322,felipe.orellana@email.com
245,Francisca Sandoval,+56 9 99887766,francisca.sandoval@email.com
246,Gonzalo Núñez,+56 9 11223344,gonzalo.nunez@email.com
247,Jose Luis González,+56 9 66778899,joseluis.gonzalez@email.com
248,Laura Fernández,+56 9 22113344,laura.fernandez@email.com
249,Renato Torres,+56 9 77889900,renato.torres@email.com
250,Emilio Morales,+56 9 33445566,emilio.morales@email.com
251,Isidora Valenzuela,+56 9 12341234,isidora.valenzuela@email.com
252,Gabriel Herrera,+56 9 56785678,gabriel.herrera@email.com
253,Valentina Garcés,+56 9 90129012,valentina.garces@email.com
254,Diego Bustamante,+56 9 34563456,diego.bustamante@email.com
255,Camila Lagos,+56 9 78907890,camila.lagos@email.com
256,Matías Romero,+56 9 21098765,matias.romero@email.com
257,Florencia Saavedra,+56 9 87654321,florencia.saavedra@email.com
258,Nicolás Vargas,+56 9 12345678,nicolas.vargas@email.com
259,Constanza Pino,+56 9 55443322,constanza.pino@email.com
260,Maximiliano Espinoza,+56 9 99887766,maximiliano.espinoza@email.com
261,Fernanda Contreras,+56 9 11223344,fernanda.contreras@email.com
262,Tomás Orellana,+56 9 66778899,tomas.orellana@email.com
263,Paulina Sandoval,+56 9 22113344,paulina.sandoval@email.com
264,Cristóbal Núñez,+56 9 77889900,cristobal.nunez@email.com
265,Daniela González,+56 9 33445566,daniela.gonzalez@email.com
266,Andrés Fernández,+56 9 12341234,andres.fernandez@email.com
267,Alejandra Torres,+56 9 56785678,alejandra.torres@email.com
268,Francisco Morales,+56 9 90129012,francisco.morales@email.com
269,Javiera Valenzuela,+56 9 34563456,javiera.valenzuela@email.com
270,Manuel Herrera,+56 9 78907890,manuel.herrera@email.com
271,Victoria Garcés,+56 9 21098765,victoria.garces@email.com
272,Bastián Bustamante,+56 9 87654321,bastian.bustamante@email.com
273,Consuelo Lagos,+56 9 12345678,consuelo.lagos@email.com
274,Felipe Romero,+56 9 55443322,felipe.romero@email.com
275,Francisca Saavedra,+56 9 99887766,francisca.saavedra@email.com
276,Gonzalo Vargas,+56 9 11223344,gonzalo.vargas@email.com
277,Jose Luis Pino,+56 9 66778899,joseluis.pino@email.com
278,Laura Espinoza,+56 9 22113344,laura.espinoza@email.com
279,Renato Contreras,+56 9 77889900,renato.contreras@email.com
280,Emilio Orellana,+56 9 33445566,emilio.orellana@email.com
281,Isidora Sandoval,+56 9 12341234,isidora.sandoval@email.com
282,Gabriel Núñez,+56 9 56785678,gabriel.nunez@email.com
283,Valentina González,+56 9 90129012,valentina.gonzalez@email.com
284,Diego Fernández,+56 9 34563456,diego.fernandez@email.com
285,Camila Torres,+56 9 78907890,camila.torres@email.com
286,Matías Morales,+56 9 21098765,matias.morales@email.com
287,Florencia Valenzuela,+56 9 87654321,florencia.valenzuela@email.com
288,Nicolás Herrera,+56 9 12345678,nicolas.herrera@email.com
289,Constanza Garcés,+56 9 55443322,constanza.garces@email.com
290,Maximiliano Bustamante,+56 9 99887766,maximiliano.bustamante@email.com
291,Fernanda Lagos,+56 9 11223344,fernanda.lagos@email.com
292,Tomás Romero,+56 9 66778899,tomas.romero@email.com
293,Paulina Saavedra,+56 9 22113344,paulina.saavedra@email.com
294,Cristóbal Vargas,+56 9 77889900,cristobal.vargas@email.com
295,Daniela Pino,+56 9 33445566,daniela.pino@email.com
296,Andrés Espinoza,+56 9 12341234,andres.espinoza@email.com
297,Alejandra Contreras,+56 9 56785678,alejandra.contreras@email.com
298,Francisco Orellana,+56 9 90129012,francisco.orellana@email.com
299,Javiera Sandoval,+56 9 34563456,javiera.sandoval@email.com
300,Manuel Núñez,+56 9 78907890,manuel.nunez@email.com
301,Victoria González,+56 9 21098765,victoria.gonzalez@email.com
302,Bastián Fernández,+56 9 87654321,bastian.fernandez@email.com
303,Consuelo Torres,+56 9 12345678,consuelo.torres@email.com
304,Felipe Morales,+56 9 55443322,felipe.morales@email.com
305,Francisca Valenzuela,+56 9 99887766,francisca.valenzuela@email.com
306,Gonzalo Herrera,+56 9 11223344,gonzalo.herrera@email.com
307,Jose Luis Garcés,+56 9 66778899,joseluis.garces@email.com
308,Laura Bustamante,+56 9 22113344,laura.bustamante@email.com
309,Renato Lagos,+56 9 77889900,renato.lagos@email.com
310,Emilio Romero,+56 9 33445566,emilio.romero@email.com
311,Isidora Saavedra,+56 9 12341234,isidora.saavedra@email.com
312,Gabriel Vargas,+56 9 56785678,gabriel.vargas@email.com
313,Valentina Pino,+56 9 90129012,valentina.pino@email.com
314,Diego Espinoza,+56 9 34563456,diego.espinoza@email.com
315,Camila Contreras,+56 9 78907890,camila.contreras@email.com
316,Matías Orellana,+56 9 21098765,matias.orellana@email.com
317,Florencia Sandoval,+56 9 87654321,florencia.sandoval@email.com
318,Nicolás Núñez,+56 9 12345678,nicolas.nunez@email.com
319,Constanza González,+56 9 55443322,constanza.gonzalez@email.com
320,Maximiliano Fernández,+56 9 99887766,maximiliano.fernandez@email.com
321,Fernanda Torres,+56 9 11223344,fernanda.torres@email.com
322,Tomás Morales,+56 9 66778899,tomas.morales@email.com
323,Paulina Valenzuela,+56 9 22113344,paulina.valenzuela@email.com
324,Cristóbal Herrera,+56 9 77889900,cristobal.herrera@email.com
325,Daniela Garcés,+56 9 33445566,daniela.garces@email.com
326,Andrés Bustamante,+56 9 12341234,andres.bustamante@email.com
327,Alejandra Lagos,+56 9 56785678,alejandra.lagos@email.com
328,Francisco Romero,+56 9 90129012,francisco.romero@email.com
329,Javiera Saavedra,+56 9 34563456,javiera.saavedra@email.com
330,Manuel Vargas,+56 9 78907890,manuel.vargas@email.com
331,Victoria Pino,+56 9 21098765,victoria.pino@email.com
332,Bastián Espinoza,+56 9 87654321,bastian.espinoza@email.com
333,Consuelo Contreras,+56 9 12345678,consuelo.contreras@email.com
334,Felipe Orellana,+56 9 55443322,felipe.orellana@email.com
335,Francisca Sandoval,+56 9 99887766,francisca.sandoval@email.com
336,Gonzalo Núñez,+56 9 11223344,gonzalo.nunez@email.com
337,Jose Luis González,+56 9 66778899,joseluis.gonzalez@email.com
338,Laura Fernández,+56 9 22113344,laura.fernandez@email.com
339,Renato Torres,+56 9 77889900,renato.torres@email.com
340,Emilio Morales,+56 9 33445566,emilio.morales@email.com
341,Isidora Valenzuela,+56 9 12341234,isidora.valenzuela@email.com
342,Gabriel Herrera,+56 9 56785678,gabriel.herrera@email.com
343,Valentina Garcés,+56 9 90129012,valentina.garces@email.com
344,Diego Bustamante,+56 9 34563456,diego.bustamante@email.com
345,Camila Lagos,+56 9 78907890,camila.lagos@email.com
346,Matías Romero,+56 9 21098765,matias.romero@email.com
347,Florencia Saavedra,+56 9 87654321,florencia.saavedra@email.com
348,Nicolás Vargas,+56 9 12345678,nicolas.vargas@email.com
349,Constanza Pino,+56 9 55443322,constanza.pino@email.com
350,Maximiliano Espinoza,+56 9 99887766,maximiliano.espinoza@email.com
351,Fernanda Contreras,+56 9 11223344,fernanda.contreras@email.com
352,Tomás Orellana,+56 9 66778899,tomas.orellana@email.com
353,Paulina Sandoval,+56 9 22113344,paulina.sandoval@email.com
354,Cristóbal Núñez,+56 9 77889900,cristobal.nunez@email.com
355,Daniela González,+56 9 33445566,daniela.gonzalez@email.com
356,Andrés Fernández,+56 9 12341234,andres.fernandez@email.com
357,Alejandra Torres,+56 9 56785678,alejandra.torres@email.com
358,Francisco Morales,+56 9 90129012,francisco.morales@email.com
359,Javiera Valenzuela,+56 9 34563456,javiera.valenzuela@email.com
360,Manuel Herrera,+56 9 78907890,manuel.herrera@email.com
361,Victoria Garcés,+56 9 21098765,victoria.garces@email.com
362,Bastián Bustamante,+56 9 87654321,bastian.bustamante@email.com
363,Consuelo Lagos,+56 9 12345678,consuelo.lagos@email.com
364,Felipe Romero,+56 9 55443322,felipe.romero@email.com
365,Francisca Saavedra,+56 9 99887766,francisca.saavedra@email.com
366,Gonzalo Vargas,+56 9 11223344,gonzalo.vargas@email.com
367,Jose Luis Pino,+56 9 66778899,joseluis.pino@email.com
368,Laura Espinoza,+56 9 22113344,laura.espinoza@email.com
369,Renato Contreras,+56 9 77889900,renato.contreras@email.com
370,Emilio Orellana,+56 9 33445566,emilio.orellana@email.com
371,Isidora Sandoval,+56 9 12341234,isidora.sandoval@email.com
372,Gabriel Núñez,+56 9 56785678,gabriel.nunez@email.com
373,Valentina González,+56 9 90129012,valentina.gonzalez@email.com
374,Diego Fernández,+56 9 34563456,diego.fernandez@email.com
375,Camila Torres,+56 9 78907890,camila.torres@email.com
376,Matías Morales,+56 9 21098765,matias.morales@email.com
377,Florencia Valenzuela,+56 9 87654321,florencia.valenzuela@email.com
378,Nicolás Herrera,+56 9 12345678,nicolas.herrera@email.com
379,Constanza Garcés,+56 9 55443322,constanza.garces@email.com
380,Maximiliano Bustamante,+56 9 99887766,maximiliano.bustamante@email.com
381,Fernanda Lagos,+56 9 11223344,fernanda.lagos@email.com
382,Tomás Romero,+56 9 66778899,tomas.romero@email.com
383,Paulina Saavedra,+56 9 22113344,paulina.saavedra@email.com
384,Cristóbal Vargas,+56 9 77889900,cristobal.vargas@email.com
385,Daniela Pino,+56 9 33445566,daniela.pino@email.com
386,Andrés Espinoza,+56 9 12341234,andres.espinoza@email.com
387,Alejandra Contreras,+56 9 56785678,alejandra.contreras@email.com
388,Francisco Orellana,+56 9 90129012,francisco.orellana@email.com
389,Javiera Sandoval,+56 9 34563456,javiera.sandoval@email.com
390,Manuel Núñez,+56 9 78907890,manuel.nunez@email.com
391,Victoria González,+56 9 21098765,victoria.gonzalez@email.com
392,Bastián Fernández,+56 9 87654321,bastian.fernandez@email.com
393,Consuelo Torres,+56 9 12345678,consuelo.torres@email.com
394,Felipe Morales,+56 9 55443322,felipe.morales@email.com
395,Francisca Valenzuela,+56 9 99887766,francisca.valenzuela@email.com
396,Gonzalo Herrera,+56 9 11223344,gonzalo.herrera@email.com
397,Jose Luis Garcés,+56 9 66778899,joseluis.garces@email.com
398,Laura Bustamante,+56 9 22113344,laura.bustamante@email.com
399,Renato Lagos,+56 9 77889900,renato.lagos@email.com
400,Emilio Romero,+56 9 33445566,emilio.romero@email.com
401,Isidora Saavedra,+56 9 12341234,isidora.saavedra@email.com
402,Gabriel Vargas,+56 9 56785678,gabriel.vargas@email.com
403,Valentina Pino,+56 9 90129012,valentina.pino@email.com
404,Diego Espinoza,+56 9 34563456,diego.espinoza@email.com
405,Camila Contreras,+56 9 78907890,camila.contreras@email.com
406,Matías Orellana,+56 9 21098765,matias.orellana@email.com
407,Florencia Sandoval,+56 9 87654321,florencia.sandoval@email.com
408,Nicolás Núñez,+56 9 12345678,nicolas.nunez@email.com
409,Constanza González,+56 9 55443322,constanza.gonzalez@email.com
410,Maximiliano Fernández,+56 9 99887766,maximiliano.fernandez@email.com
411,Fernanda Torres,+56 9 11223344,fernanda.torres@email.com
412,Tomás Morales,+56 9 66778899,tomas.morales@email.com
413,Paulina Valenzuela,+56 9 22113344,paulina.valenzuela@email.com
414,Cristóbal Herrera,+56 9 77889900,cristobal.herrera@email.com
415,Daniela Garcés,+56 9 33445566,daniela.garces@email.com
416,Andrés Bustamante,+56 9 12341234,andres.bustamante@email.com
417,Alejandra Lagos,+56 9 56785678,alejandra.lagos@email.com
418,Francisco Romero,+56 9 90129012,francisco.romero@email.com
419,Javiera Saavedra,+56 9 34563456,javiera.saavedra@email.com
420,Manuel Vargas,+56 9 78907890,manuel.vargas@email.com
421,Victoria Pino,+56 9 21098765,victoria.pino@email.com
422,Bastián Espinoza,+56 9 87654321,bastian.espinoza@email.com
423,Consuelo Contreras,+56 9 12345678,consuelo.contreras@email.com
424,Felipe Orellana,+56 9 55443322,felipe.orellana@email.com
425,Francisca Sandoval,+56 9 99887766,francisca.sandoval@email.com
426,Gonzalo Núñez,+56 9 11223344,gonzalo.nunez@email.com
427,Jose Luis González,+56 9 66778899,joseluis.gonzalez@email.com
428,Laura Fernández,+56 9 22113344,laura.fernandez@email.com
429,Renato Torres,+56 9 77889900,renato.torres@email.com
430,Emilio Morales,+56 9 33445566,emilio.morales@email.com
431,Isidora Valenzuela,+56 9 12341234,isidora.valenzuela@email.com
432,Gabriel Herrera,+56 9 56785678,gabriel.herrera@email.com
433,Valentina Garcés,+56 9 90129012,valentina.garces@email.com
434,Diego Bustamante,+56 9 34563456,diego.bustamante@email.com
435,Camila Lagos,+56 9 78907890,camila.lagos@email.com
436,Matías Romero,+56 9 21098765,matias.romero@email.com
437,Florencia Saavedra,+56 9 87654321,florencia.saavedra@email.com
438,Nicolás Vargas,+56 9 12345678,nicolas.vargas@email.com
439,Constanza Pino,+56 9 55443322,constanza.pino@email.com
440,Maximiliano Espinoza,+56 9 99887766,maximiliano.espinoza@email.com
441,Fernanda Contreras,+56 9 11223344,fernanda.contreras@email.com
442,Tomás Orellana,+56 9 66778899,tomas.orellana@email.com
443,Paulina Sandoval,+56 9 22113344,paulina.sandoval@email.com
444,Cristóbal Núñez,+56 9 77889900,cristobal.nunez@email.com
445,Daniela González,+56 9 33445566,daniela.gonzalez@email.com
446,Andrés Fernández,+56 9 12341234,andres.fernandez@email.com
447,Alejandra Torres,+56 9 56785678,alejandra.torres@email.com
448,Francisco Morales,+56 9 90129012,francisco.morales@email.com
449,Javiera Valenzuela,+56 9 34563456,javiera.valenzuela@email.com
450,Manuel Herrera,+56 9 78907890,manuel.herrera@email.com
451,Victoria Garcés,+56 9 21098765,victoria.garces@email.com
452,Bastián Bustamante,+56 9 87654321,bastian.bustamante@email.com
453,Consuelo Lagos,+56 9 12345678,consuelo.lagos@email.com
454,Felipe Romero,+56 9 55443322,felipe.romero@email.com
455,Francisca Saavedra,+56 9 99887766,francisca.saavedra@email.com
456,Gonzalo Vargas,+56 9 11223344,gonzalo.vargas@email.com
457,Jose Luis Pino,+56 9 66778899,joseluis.pino@email.com
458,Laura Espinoza,+56 9 22113344,laura.espinoza@email.com
459,Renato Contreras,+56 9 77889900,renato.contreras@email.com
460,Emilio Orellana,+56 9 33445566,emilio.orellana@email.com
461,Isidora Sandoval,+56 9 12341234,isidora.sandoval@email.com
462,Gabriel Núñez,+56 9 56785678,gabriel.nunez@email.com
463,Valentina González,+56 9 90129012,valentina.gonzalez@email.com
464,Diego Fernández,+56 9 34563456,diego.fernandez@email.com
465,Camila Torres,+56 9 78907890,camila.torres@email.com
466,Matías Morales,+56 9 21098765,matias.morales@email.com
467,Florencia Valenzuela,+56 9 87654321,florencia.valenzuela@email.com
468,Nicolás Herrera,+56 9 12345678,nicolas.herrera@email.com
469,Constanza Garcés,+56 9 55443322,constanza.garces@email.com
470,Maximiliano Bustamante,+56 9 99887766,maximiliano.bustamante@email.com
471,Fernanda Lagos,+56 9 11223344,fernanda.lagos@email.com
472,Tomás Romero,+56 9 66778899,tomas.romero@email.com
473,Paulina Saavedra,+56 9 22113344,paulina.saavedra@email.com
474,Cristóbal Vargas,+56 9 77889900,cristobal.vargas@email.com
475,Daniela Pino,+56 9 33445566,daniela.pino@email.com
476,Andrés Espinoza,+56 9 12341234,andres.espinoza@email.com
477,Alejandra Contreras,+56 9 56785678,alejandra.contreras@email.com
478,Francisco Orellana,+56 9 90129012,francisco.orellana@email.com
479,Javiera Sandoval,+56 9 34563456,javiera.sandoval@email.com
480,Manuel Núñez,+56 9 78907890,manuel.nunez@email.com
481,Victoria González,+56 9 21098765,victoria.gonzalez@email.com
482,Bastián Fernández,+56 9 87654321,bastian.fernandez@email.com
483,Consuelo Torres,+56 9 12345678,consuelo.torres@email.com
484,Felipe Morales,+56 9 55443322,felipe.morales@email.com
485,Francisca Valenzuela,+56 9 99887766,francisca.valenzuela@email.com
486,Gonzalo Herrera,+56 9 11223344,gonzalo.herrera@email.com
487,Jose Luis Garcés,+56 9 66778899,joseluis.garces@email.com
488,Laura Bustamante,+56 9 22113344,laura.bustamante@email.com
489,Renato Lagos,+56 9 77889900,renato.lagos@email.com
490,Emilio Romero,+56 9 33445566,emilio.romero@email.com
491,Isidora Saavedra,+56 9 12341234,isidora.saavedra@email.com
492,Gabriel Vargas,+56 9 56785678,gabriel.vargas@email.com
493,Valentina Pino,+56 9 90129012,valentina.pino@email.com
494,Diego Espinoza,+56 9 34563456,diego.espinoza@email.com
495,Camila Contreras,+56 9 78907890,camila.contreras@email.com
496,Matías Orellana,+56 9 21098765,matias.orellana@email.com
497,Florencia Sandoval,+56 9 87654321,florencia.sandoval@email.com
498,Nicolás Núñez,+56 9 12345678,nicolas.nunez@email.com
499,Constanza González,+56 9 55443322,constanza.gonzalez@email.com
500,Maximiliano Fernández,+56 9 99887766,maximiliano.fernandez@email.com