Id_orden,Fecha,Id_cliente,N_Mesa,Id_reserva,Id_platillo,Cantidad,Precio_unitario,Total,Id_metodo,Id_estado
1,2024-07-13,51,9,43,11,4,8000,32000,4,3
2,2024-06-28,82,3,124,10,4,10000,40000,1,4
3,2024-12-18,23,11,198,9,1,10000,10000,3,3
4,2024-08-28,91,3,131,8,2,9000,18000,4,2
5,2025-05-04,18,2,98,12,2,10000,20000,1,1
6,2024-12-30,96,6,82,14,1,12000,12000,4,1
7,2024-12-14,22,12,80,3,1,9000,9000,3,2
8,2024-10-06,25,5,182,5,4,9000,36000,1,4
9,2025-02-17,90,14,162,8,2,9000,18000,2,3
10,2025-01-18,50,4,126,6,3,8000,24000,3,2
11,2024-07-18,76,11,77,13,4,9000,36000,1,3
12,2024-12-15,60,15,167,10,1,10000,10000,2,1
13,2024-09-30,91,18,123,8,3,9000,27000,3,4
14,2024-08-13,85,18,89,8,4,9000,36000,4,2
15,2025-01-30,87,5,62,7,4,8000,32000,3,3
16,2024-09-10,96,3,53,4,1,7000,7000,4,4
17,2024-10-21,92,9,87,4,3,7000,21000,4,2
18,2025-01-09,12,4,97,13,3,9000,27000,2,2
19,2025-03-02,52,5,183,6,1,8000,8000,1,4
20,2024-07-09,99,18,23,5,3,9000,27000,1,3
21,2024-12-26,59,1,91,10,3,10000,30000,1,4
22,2024-06-11,79,20,75,14,4,12000,48000,1,1
23,2024-11-19,16,13,156,6,3,8000,24000,3,2
24,2025-04-24,66,18,166,9,4,10000,40000,2,2
25,2025-04-22,96,7,136,7,1,8000,8000,2,1
26,2025-01-27,59,5,102,9,4,10000,40000,4,1
27,2024-12-16,81,14,58,1,1,7000,7000,4,2
28,2024-10-13,61,20,117,2,1,8000,8000,4,4
29,2024-07-16,63,6,159,13,4,9000,36000,3,2
30,2024-11-09,11,5,153,6,4,8000,32000,1,4
31,2025-02-03,69,2,11,9,1,10000,10000,3,2
32,2025-05-03,70,17,163,7,1,8000,8000,3,1
33,2024-09-18,71,4,173,8,1,9000,9000,3,4
34,2025-04-28,75,13,49,2,2,8000,16000,4,1
35,2025-03-17,69,9,30,6,3,8000,24000,4,2
36,2025-02-25,89,18,128,13,3,9000,27000,1,1
37,2024-10-08,58,9,194,7,3,8000,24000,2,3
38,2025-01-25,22,10,39,6,3,8000,24000,4,1
39,2024-07-01,42,8,67,11,3,8000,24000,4,3
40,2024-07-10,33,1,83,6,2,8000,16000,3,1
41,2025-04-01,44,15,160,11,2,8000,16000,4,3
42,2025-02-03,90,16,159,14,1,12000,12000,4,3
43,2024-06-09,31,13,107,6,2,8000,16000,4,4
44,2024-12-15,40,15,81,1,2,7000,14000,4,2
45,2024-06-27,28,1,152,13,3,9000,27000,4,3
46,2024-10-13,43,7,108,3,2,9000,18000,3,2
47,2024-07-12,16,19,81,2,3,8000,24000,2,2
48,2025-04-13,78,7,131,2,3,8000,24000,4,1
49,2024-07-14,61,3,163,9,3,10000,30000,1,4
50,2024-06-25,38,15,164,4,1,7000,7000,2,3
51,2024-06-08,68,19,177,12,1,10000,10000,4,4
52,2024-09-04,79,14,157,9,1,10000,10000,1,3
53,2024-09-10,32,11,81,6,3,8000,24000,2,3
54,2025-04-01,80,8,129,1,2,7000,14000,3,2
55,2024-05-28,85,16,61,6,3,8000,24000,1,4
56,2025-04-09,86,3,39,7,1,8000,8000,1,1
57,2024-12-22,1,20,165,5,3,9000,27000,4,4
58,2025-02-22,53,11,187,2,3,8000,24000,4,3
59,2024-12-26,35,13,172,7,3,8000,24000,3,2
60,2024-06-08,80,4,159,13,2,9000,18000,3,2
61,2024-07-17,78,10,23,12,4,10000,40000,2,1
62,2025-03-25,98,16,25,8,2,9000,18000,1,3
63,2025-01-24,28,4,9,9,1,10000,10000,4,4
64,2025-01-26,72,12,120,9,4,10000,40000,3,2
65,2024-12-17,20,4,56,14,2,12000,24000,1,3
66,2024-09-04,26,8,117,7,4,8000,32000,4,4
67,2024-06-23,27,20,53,9,4,10000,40000,1,1
68,2024-08-19,66,17,55,3,1,9000,9000,1,3
69,2024-11-16,43,20,153,10,1,10000,10000,2,2
70,2025-03-31,65,11,83,8,2,9000,18000,3,1
71,2024-06-11,49,19,44,4,4,7000,28000,4,3
72,2024-12-18,18,11,141,2,3,8000,24000,1,1
73,2025-01-07,55,11,198,1,2,7000,14000,3,2
74,2025-04-30,63,2,159,10,3,10000,30000,2,2
75,2025-03-24,67,4,132,14,2,12000,24000,1,4
76,2024-11-07,73,12,105,2,4,8000,32000,4,3
77,2024-09-18,17,16,143,3,1,9000,9000,2,1
78,2025-04-13,5,3,22,12,3,10000,30000,3,4
79,2025-01-29,84,8,55,13,1,9000,9000,3,4
80,2025-02-14,79,5,86,5,3,9000,27000,4,4
81,2025-04-05,11,7,33,4,3,7000,21000,2,3
82,2025-02-21,83,2,33,10,4,10000,40000,2,3
83,2024-08-18,90,5,142,7,4,8000,32000,1,1
84,2024-09-26,93,18,146,7,3,8000,24000,1,4
85,2024-11-03,78,15,108,3,4,9000,36000,2,1
86,2024-07-10,25,17,70,9,3,10000,30000,1,3
87,2024-07-17,94,10,141,10,2,10000,20000,4,3
88,2024-06-20,33,8,52,12,1,10000,10000,3,1
89,2024-08-18,66,2,123,5,1,9000,9000,4,4
90,2025-01-28,85,10,71,11,1,8000,8000,3,1
91,2024-12-24,38,1,79,8,3,9000,27000,1,1
92,2025-05-05,61,14,3,6,1,8000,8000,2,2
93,2024-08-29,16,16,42,9,3,10000,30000,2,1
94,2025-04-18,12,15,71,2,1,8000,8000,1,4
95,2024-12-25,91,11,154,8,2,9000,18000,4,2
96,2024-10-14,74,6,96,12,3,10000,30000,3,2
97,2024-05-27,50,11,190,11,4,8000,32000,1,4
98,2025-02-06,59,7,126,2,2,8000,16000,1,3
99,2024-06-25,73,16,4,8,1,9000,9000,3,3
100,2024-07-29,50,6,112,7,2,8000,16000,1,3
101,2024-12-08,18,2,177,6,4,8000,32000,2,2
102,2024-12-09,81,17,155,2,1,8000,8000,2,4
103,2024-06-03,88,9,13,11,1,8000,8000,1,4
104,2024-05-25,36,17,122,3,3,9000,27000,3,1
105,2024-10-06,14,3,101,9,4,10000,40000,3,1
106,2024-06-08,52,12,134,6,3,8000,24000,1,4
107,2025-04-03,60,18,25,7,1,8000,8000,2,3
108,2024-05-14,39,7,167,11,1,8000,8000,3,1
109,2025-03-22,18,8,71,3,1,9000,9000,1,1
110,2024-08-14,72,17,101,10,4,10000,40000,3,2
111,2025-04-02,83,3,86,8,4,9000,36000,1,3
112,2024-10-23,69,13,125,6,2,8000,16000,3,2
113,2025-03-13,86,19,5,2,1,8000,8000,2,1
114,2025-03-11,3,11,125,12,1,10000,10000,3,1
115,2024-07-23,83,11,31,10,3,10000,30000,2,3
116,2024-06-10,86,3,103,12,4,10000,40000,2,1
117,2025-03-28,44,10,163,7,4,8000,32000,1,1
118,2024-09-29,8,18,55,4,2,7000,14000,4,1
119,2025-02-03,78,1,75,8,3,9000,27000,1,2
120,2024-07-06,87,16,104,6,4,8000,32000,4,2
121,2025-04-24,53,3,131,9,4,10000,40000,4,3
122,2025-03-28,77,17,104,14,2,12000,24000,4,2
123,2024-06-29,60,2,9,14,1,12000,12000,1,4
124,2024-05-19,90,1,191,1,3,7000,21000,4,2
125,2024-10-31,40,10,134,3,2,9000,18000,2,4
126,2025-03-14,69,17,124,9,2,10000,20000,3,1
127,2024-06-17,51,19,165,5,4,9000,36000,2,4
128,2024-05-15,43,11,55,7,1,8000,8000,2,3
129,2025-04-15,52,20,116,6,1,8000,8000,3,4
130,2024-12-31,28,4,127,13,1,9000,9000,4,1
131,2024-08-19,27,8,82,10,1,10000,10000,4,3
132,2024-05-20,53,17,166,4,2,7000,14000,3,4
133,2025-05-04,38,3,152,9,3,10000,30000,1,2
134,2024-11-28,34,20,77,4,4,7000,28000,1,2
135,2024-08-21,87,15,89,12,1,10000,10000,2,1
136,2025-04-13,54,1,181,5,4,9000,36000,1,4
137,2025-02-13,50,4,78,12,2,10000,20000,4,4
138,2025-04-11,18,3,21,9,2,10000,20000,4,2
139,2024-12-07,62,13,45,12,3,10000,30000,1,3
140,2024-07-29,2,11,156,4,2,7000,14000,1,3
141,2025-02-08,87,8,199,14,4,12000,48000,1,1
142,2024-11-17,55,9,165,4,2,7000,14000,3,3
143,2025-05-09,13,12,132,7,4,8000,32000,3,3
144,2024-12-04,58,19,79,6,1,8000,8000,1,4
145,2025-04-25,16,18,114,9,1,10000,10000,3,1
146,2025-05-03,8,17,166,4,4,7000,28000,1,4
147,2025-03-26,69,3,132,11,4,8000,32000,4,1
148,2024-08-13,73,8,4,9,1,10000,10000,1,2
149,2024-05-28,55,17,42,8,4,9000,36000,2,4
150,2024-11-26,36,9,2,7,4,8000,32000,4,2
151,2024-08-07,84,15,147,12,3,10000,30000,1,2
152,2025-02-11,39,19,57,2,2,8000,16000,3,1
153,2025-02-12,73,4,54,1,3,7000,21000,3,1
154,2024-05-30,81,6,54,8,4,9000,36000,2,3
155,2024-09-10,88,13,194,13,3,9000,27000,3,2
156,2024-08-16,67,15,53,12,4,10000,40000,1,2
157,2024-11-03,62,10,115,1,1,7000,7000,2,1
158,2025-04-18,45,20,133,12,4,10000,40000,3,1
159,2024-11-02,4,16,28,1,3,7000,21000,4,3
160,2024-09-25,59,18,181,14,4,12000,48000,4,4
161,2024-11-13,77,9,126,6,2,8000,16000,3,3
162,2024-08-28,11,17,158,14,1,12000,12000,4,4
163,2025-02-02,18,4,130,11,1,8000,8000,3,2
164,2024-09-16,27,12,89,3,1,9000,9000,2,3
165,2024-08-10,65,18,18,7,3,8000,24000,4,1
166,2024-11-14,46,1,185,1,2,7000,14000,3,4
167,2024-05-20,5,7,56,1,3,7000,21000,2,4
168,2024-09-29,49,9,107,12,1,10000,10000,2,2
169,2025-01-24,49,17,113,1,3,7000,21000,2,3
170,2025-02-09,10,3,108,12,2,10000,20000,2,2
171,2024-07-30,54,10,93,7,4,8000,32000,4,2
172,2024-08-04,71,3,106,1,4,7000,28000,1,4
173,2024-09-20,41,14,195,7,2,8000,16000,2,4
174,2024-07-25,9,5,74,3,3,9000,27000,2,3
175,2025-02-13,49,4,158,6,4,8000,32000,4,2
176,2025-01-29,56,20,35,8,1,9000,9000,4,3
177,2024-09-01,76,9,156,12,2,10000,20000,2,4
178,2025-03-05,65,7,52,11,3,8000,24000,1,4
179,2024-07-02,51,4,12,5,1,9000,9000,1,4
180,2024-09-11,52,9,135,12,3,10000,30000,1,3
181,2024-07-09,50,6,184,5,2,9000,18000,1,3
182,2025-01-10,46,13,40,12,2,10000,20000,2,1
183,2024-11-23,38,19,153,10,4,10000,40000,4,2
184,2025-04-05,11,1,171,5,2,9000,18000,4,4
185,2024-11-21,8,6,188,10,4,10000,40000,1,4
186,2025-01-07,72,3,100,7,2,8000,16000,2,3
187,2025-03-14,42,16,126,11,1,8000,8000,3,1
188,2025-01-16,43,12,108,9,1,10000,10000,4,3
189,2024-12-22,62,17,88,6,3,8000,24000,4,4
190,2025-01-08,97,7,171,1,1,7000,7000,3,4
191,2025-05-09,19,14,82,10,4,10000,40000,2,2
192,2024-07-18,57,13,196,1,1,7000,7000,4,4
193,2024-09-13,44,12,28,4,1,7000,7000,1,2
194,2024-11-16,97,10,29,11,2,8000,16000,1,4
195,2025-04-12,23,1,17,13,4,9000,36000,2,1
196,2024-11-11,82,18,170,9,2,10000,20000,3,4
197,2025-01-02,79,9,194,10,4,10000,40000,1,3
198,2024-07-02,9,18,132,14,4,12000,48000,3,1
199,2024-09-16,52,9,44,1,3,7000,21000,1,3
200,2024-11-25,79,5,134,5,2,9000,18000,2,1
201,2024-12-17,78,4,57,4,1,7000,7000,2,2
202,2024-12-15,57,9,99,7,2,8000,16000,2,3
203,2024-08-02,95,7,106,11,2,8000,16000,4,1
204,2024-07-07,18,13,88,6,4,8000,32000,4,2
205,2024-10-11,95,14,64,12,4,10000,40000,4,4
206,2025-04-02,6,11,136,10,3,10000,30000,2,3
207,2025-01-11,30,20,16,14,1,12000,12000,3,3
208,2024-08-19,42,9,159,1,2,7000,14000,1,2
209,2024-10-02,21,17,140,2,2,8000,16000,2,3
210,2025-02-15,9,12,81,4,4,7000,28000,4,4
211,2024-10-30,21,16,50,14,1,12000,12000,2,4
212,2025-05-06,46,9,53,8,4,9000,36000,2,2
213,2025-03-08,7,2,26,4,4,7000,28000,1,1
214,2024-10-18,30,12,38,7,2,8000,16000,4,1
215,2024-09-24,63,6,114,9,2,10000,20000,3,2
216,2025-04-08,59,11,110,3,4,9000,36000,4,2
217,2024-06-24,97,11,127,6,3,8000,24000,2,3
218,2024-06-12,70,3,198,5,1,9000,9000,2,1
219,2025-04-20,75,17,84,7,3,8000,24000,1,3
220,2024-07-12,58,9,87,9,2,10000,20000,4,4
221,2025-02-03,36,19,69,11,3,8000,24000,3,4
222,2024-10-14,54,12,180,6,4,8000,32000,1,4
223,2025-05-03,26,13,48,4,1,7000,7000,3,4
224,2024-08-05,56,17,109,3,3,9000,27000,2,3
225,2024-06-24,6,9,23,11,3,8000,24000,2,4
226,2024-10-14,61,16,56,1,2,7000,14000,2,2
227,2024-06-04,75,17,108,11,3,8000,24000,2,2
228,2024-08-10,49,11,132,3,2,9000,18000,3,3
229,2025-01-07,62,4,114,10,2,10000,20000,4,4
230,2024-11-15,36,5,22,2,2,8000,16000,1,2
231,2024-09-07,79,9,162,7,4,8000,32000,1,3
232,2024-10-27,1,1,139,11,1,8000,8000,2,4
233,2025-03-24,76,1,137,7,3,8000,24000,3,2
234,2024-09-03,14,6,79,11,3,8000,24000,1,4
235,2024-05-26,8,7,153,2,4,8000,32000,4,1
236,2025-04-22,11,7,18,9,2,10000,20000,1,2
237,2024-12-23,87,11,195,8,4,9000,36000,1,2
238,2024-07-02,24,20,2,13,4,9000,36000,2,3
239,2025-02-22,15,4,14,9,3,10000,30000,3,3
240,2025-04-15,41,1,192,9,3,10000,30000,3,3
241,2024-07-07,34,12,72,7,3,8000,24000,3,4
242,2024-07-01,55,5,94,10,2,10000,20000,3,1
243,2024-06-16,10,7,5,4,4,7000,28000,2,1
244,2025-04-27,45,1,60,11,2,8000,16000,3,3
245,2025-04-04,19,11,145,8,2,9000,18000,4,4
246,2025-01-16,68,11,155,6,4,8000,32000,1,2
247,2024-09-03,72,11,196,11,2,8000,16000,3,1
248,2024-10-13,12,3,97,13,4,9000,36000,3,3
249,2025-05-01,68,20,145,8,2,9000,18000,1,3
250,2025-01-02,10,10,197,7,3,8000,24000,1,1
251,2025-04-03,68,18,115,3,4,9000,36000,3,4
252,2025-01-25,13,16,102,8,1,9000,9000,1,3
253,2024-06-18,86,6,119,1,2,7000,14000,4,4
254,2024-07-01,66,18,117,13,2,9000,18000,4,3
255,2025-05-03,91,11,135,1,4,7000,28000,1,2
256,2024-12-04,39,20,88,14,4,12000,48000,4,4
257,2024-07-25,19,9,188,6,2,8000,16000,2,1
258,2025-01-03,59,7,28,7,2,8000,16000,4,3
259,2024-09-24,15,7,25,3,2,9000,18000,2,4
260,2024-12-11,86,6,60,1,1,7000,7000,2,1
261,2025-04-14,36,8,58,8,4,9000,36000,2,1
262,2024-06-20,53,1,172,11,3,8000,24000,1,3
263,2024-05-12,4,9,49,1,1,7000,7000,2,4
264,2024-05-15,74,8,53,7,1,8000,8000,3,1
265,2024-06-18,10,4,159,12,3,10000,30000,3,2
266,2025-04-13,22,3,36,1,3,7000,21000,1,1
267,2024-07-09,45,3,159,10,4,10000,40000,1,3
268,2024-12-21,8,5,110,4,1,7000,7000,3,2
269,2025-02-22,10,14,166,7,2,8000,16000,4,3
270,2024-10-18,38,9,161,8,2,9000,18000,3,1
271,2024-06-25,21,19,103,12,3,10000,30000,1,3
272,2024-10-18,100,5,181,14,4,12000,48000,3,3
273,2025-04-27,82,10,193,1,1,7000,7000,2,2
274,2024-06-23,2,19,96,1,3,7000,21000,4,2
275,2024-09-10,43,17,18,11,4,8000,32000,2,2
276,2025-02-07,14,19,54,2,3,8000,24000,4,2
277,2024-11-02,15,11,108,5,1,9000,9000,3,2
278,2024-09-18,42,5,47,11,1,8000,8000,2,2
279,2024-06-06,28,6,17,13,3,9000,27000,1,1
280,2024-10-12,75,13,21,13,4,9000,36000,2,3
281,2024-06-19,14,11,33,7,3,8000,24000,1,1
282,2024-10-27,82,16,199,9,2,10000,20000,4,4
283,2025-02-19,54,6,137,9,2,10000,20000,3,1
284,2024-07-11,50,9,47,8,3,9000,27000,4,4
285,2024-11-24,27,14,72,7,2,8000,16000,1,1
286,2025-02-06,54,3,132,5,3,9000,27000,3,2
287,2025-01-31,72,17,102,10,1,10000,10000,2,2
288,2024-07-09,92,15,2,12,1,10000,10000,1,3
289,2025-01-04,29,18,24,2,1,8000,8000,2,1
290,2024-06-26,79,7,142,3,3,9000,27000,3,2
291,2025-03-14,62,9,132,10,3,10000,30000,4,2
292,2024-05-21,7,11,175,1,2,7000,14000,3,1
293,2025-01-28,86,17,182,11,3,8000,24000,3,1
294,2025-05-07,81,4,137,3,2,9000,18000,4,2
295,2024-10-28,47,6,48,2,1,8000,8000,3,3
296,2024-06-12,56,14,75,8,2,9000,18000,3,2
297,2024-11-17,19,13,38,6,1,8000,8000,2,1
298,2025-01-19,43,7,142,1,1,7000,7000,1,4
299,2025-01-25,58,17,10,8,3,9000,27000,4,3
300,2025-02-12,51,8,57,14,3,12000,36000,2,1
301,2025-03-24,100,2,50,8,3,9000,27000,2,3
302,2024-10-14,25,11,113,13,4,9000,36000,2,1
303,2024-05-22,49,1,170,2,2,8000,16000,1,1
304,2024-08-13,7,1,28,12,1,10000,10000,3,2
305,2025-04-19,79,12,137,13,2,9000,18000,4,2
306,2024-07-23,57,2,134,7,2,8000,16000,2,4
307,2024-09-06,93,1,78,5,4,9000,36000,4,4
308,2024-07-21,12,3,115,14,4,12000,48000,1,4
309,2024-06-14,47,13,132,13,4,9000,36000,1,1
310,2024-07-05,65,17,136,11,4,8000,32000,2,1
311,2024-05-13,97,14,189,1,1,7000,7000,4,2
312,2024-10-13,100,9,104,6,3,8000,24000,1,3
313,2025-03-21,29,9,195,3,1,9000,9000,3,2
314,2025-03-07,49,3,131,3,3,9000,27000,3,3
315,2025-03-03,9,17,25,4,4,7000,28000,4,4
316,2024-12-03,35,2,44,8,4,9000,36000,1,1
317,2024-06-02,62,19,40,10,3,10000,30000,2,3
318,2025-01-11,24,9,67,7,1,8000,8000,4,1
319,2024-10-04,88,10,191,6,4,8000,32000,3,4
320,2024-05-21,34,18,174,8,1,9000,9000,2,3
321,2025-04-29,45,9,128,4,1,7000,7000,4,3
322,2025-02-12,48,8,95,7,3,8000,24000,2,1
323,2024-08-13,82,1,91,12,4,10000,40000,4,4
324,2024-05-21,57,12,200,7,4,8000,32000,3,4
325,2025-03-07,67,4,189,14,1,12000,12000,2,2
326,2024-11-07,15,13,5,4,3,7000,21000,3,1
327,2024-10-10,51,1,71,7,3,8000,24000,4,2
328,2024-09-07,45,6,119,6,4,8000,32000,2,1
329,2024-08-12,28,18,98,3,2,9000,18000,3,3
330,2025-01-11,96,3,110,3,4,9000,36000,1,4
331,2024-09-06,29,8,73,6,1,8000,8000,3,2
332,2024-09-30,66,7,113,7,2,8000,16000,2,3
333,2025-02-01,17,3,200,10,1,10000,10000,4,1
334,2025-02-08,82,17,83,12,2,10000,20000,2,4
335,2025-03-22,98,14,120,1,3,7000,21000,4,2
336,2025-05-02,54,16,103,3,1,9000,9000,2,4
337,2025-03-04,65,9,3,9,2,10000,20000,4,2
338,2024-11-23,10,20,115,12,1,10000,10000,4,1
339,2025-01-31,51,20,83,10,1,10000,10000,4,4
340,2024-10-04,15,16,140,10,1,10000,10000,1,4
341,2024-09-08,71,16,120,6,4,8000,32000,3,4
342,2025-04-19,28,8,166,8,1,9000,9000,1,2
343,2024-09-24,27,8,184,2,1,8000,8000,3,3
344,2024-10-11,4,6,73,14,3,12000,36000,3,4
345,2025-02-03,81,20,58,5,4,9000,36000,2,3
346,2024-05-25,48,14,196,10,1,10000,10000,4,2
347,2025-03-16,77,4,83,11,3,8000,24000,2,4
348,2024-06-20,25,20,198,2,4,8000,32000,4,2
349,2024-08-08,9,17,100,3,4,9000,36000,1,1
350,2025-02-06,49,16,51,10,3,10000,30000,3,1
351,2025-03-27,71,1,158,6,3,8000,24000,3,4
352,2024-09-08,31,11,90,8,4,9000,36000,1,4
353,2024-12-11,92,5,14,1,3,7000,21000,1,2
354,2024-07-31,34,16,3,9,4,10000,40000,1,2
355,2024-06-29,21,13,175,13,3,9000,27000,1,3
356,2025-04-08,86,7,34,8,2,9000,18000,1,2
357,2024-07-31,40,7,105,5,2,9000,18000,4,1
358,2024-05-13,40,20,186,4,2,7000,14000,1,1
359,2024-07-24,20,7,73,1,4,7000,28000,2,1
360,2025-03-25,11,10,79,6,1,8000,8000,2,2
361,2024-07-15,37,14,73,4,2,7000,14000,1,3
362,2024-10-16,27,16,108,14,3,12000,36000,2,2
363,2025-03-22,4,14,195,1,2,7000,14000,3,2
364,2024-10-08,59,4,57,14,4,12000,48000,3,3
365,2024-10-10,92,20,37,12,4,10000,40000,4,2
366,2024-09-12,20,17,83,8,4,9000,36000,3,2
367,2024-07-30,25,9,110,4,3,7000,21000,4,3
368,2024-07-24,65,10,67,7,3,8000,24000,2,2
369,2025-04-02,57,18,141,12,3,10000,30000,2,4
370,2025-03-19,20,20,111,2,3,8000,24000,3,1
371,2024-12-07,2,13,197,11,1,8000,8000,4,3
372,2024-08-30,87,13,190,3,2,9000,18000,1,1
373,2024-09-22,14,12,116,4,2,7000,14000,4,2
374,2024-08-03,33,13,45,14,4,12000,48000,2,1
375,2025-04-25,75,20,95,8,3,9000,27000,4,3
376,2025-04-04,26,2,89,14,4,12000,48000,1,2
377,2024-10-20,43,7,89,6,4,8000,32000,2,2
378,2025-03-29,96,16,39,2,1,8000,8000,4,3
379,2025-03-14,63,4,62,13,2,9000,18000,1,2
380,2024-12-31,20,18,159,4,3,7000,21000,4,4
381,2024-09-10,57,19,42,6,2,8000,16000,2,4
382,2025-02-02,52,12,98,13,1,9000,9000,2,2
383,2024-09-26,59,18,70,1,4,7000,28000,4,3
384,2024-10-18,62,8,35,4,2,7000,14000,3,1
385,2024-10-12,36,18,142,3,1,9000,9000,4,4
386,2024-07-30,87,6,146,9,1,10000,10000,4,4
387,2024-09-22,97,20,10,8,4,9000,36000,1,3
388,2024-06-14,27,13,48,3,4,9000,36000,1,1
389,2025-04-07,96,5,183,3,4,9000,36000,1,4
390,2024-10-10,96,14,89,5,2,9000,18000,4,2
391,2025-03-22,34,15,23,3,2,9000,18000,3,4
392,2025-05-01,61,16,196,2,4,8000,32000,1,3
393,2024-07-25,83,13,140,3,1,9000,9000,4,2
394,2024-12-09,77,2,66,8,1,9000,9000,4,1
395,2025-01-15,92,5,99,4,3,7000,21000,4,4
396,2024-05-12,51,10,81,9,3,10000,30000,1,4
397,2025-02-24,1,9,24,14,4,12000,48000,1,2
398,2024-05-20,23,20,116,8,1,9000,9000,2,2
399,2025-01-03,50,12,199,12,1,10000,10000,3,2
400,2025-05-01,72,5,52,2,2,8000,16000,4,3
401,2024-11-27,65,12,54,6,4,8000,32000,1,2
402,2025-02-13,89,2,64,5,4,9000,36000,2,3
403,2024-12-29,10,6,79,1,1,7000,7000,4,2
404,2024-05-31,36,19,93,8,1,9000,9000,3,2
405,2024-10-09,100,12,52,6,1,8000,8000,2,2
406,2025-01-19,20,1,162,5,3,9000,27000,3,4
407,2024-06-14,9,9,25,4,3,7000,21000,1,4
408,2024-11-09,30,2,21,11,2,8000,16000,4,4
409,2024-06-14,12,19,14,6,3,8000,24000,4,3
410,2025-02-01,71,8,62,13,1,9000,9000,2,4
411,2024-08-06,8,6,51,3,2,9000,18000,2,3
412,2025-02-09,9,9,76,1,3,7000,21000,1,2
413,2025-02-19,17,13,25,9,1,10000,10000,2,4
414,2024-10-12,88,13,38,8,3,9000,27000,2,4
415,2025-04-20,41,3,18,7,1,8000,8000,2,4
416,2024-09-30,87,11,126,13,3,9000,27000,2,3
417,2025-03-02,75,5,152,1,3,7000,21000,4,1
418,2025-03-07,89,18,99,12,4,10000,40000,4,3
419,2024-05-13,98,19,151,8,2,9000,18000,3,3
420,2025-02-07,96,11,133,3,4,9000,36000,3,4
421,2024-07-06,69,1,86,2,3,8000,24000,3,4
422,2024-06-07,61,11,149,9,4,10000,40000,3,3
423,2024-12-29,17,8,166,7,2,8000,16000,4,1
424,2025-03-11,61,15,4,3,4,9000,36000,4,4
425,2025-02-06,6,12,48,5,3,9000,27000,2,4
426,2024-07-13,13,15,185,10,1,10000,10000,1,1
427,2024-12-25,75,15,61,10,4,10000,40000,3,2
428,2024-06-10,67,8,12,1,1,7000,7000,3,4
429,2024-10-13,88,3,33,6,2,8000,16000,2,4
430,2024-09-27,84,18,164,10,2,10000,20000,1,4
431,2025-02-02,93,18,103,9,4,10000,40000,1,2
432,2024-10-06,82,18,99,8,1,9000,9000,4,3
433,2024-07-17,96,8,176,4,2,7000,14000,2,2
434,2025-03-26,41,5,195,11,3,8000,24000,4,4
435,2024-09-07,92,1,111,2,2,8000,16000,2,3
436,2025-02-03,34,18,22,6,3,8000,24000,3,3
437,2024-12-07,2,9,110,14,2,12000,24000,2,4
438,2024-05-31,14,17,171,14,3,12000,36000,4,4
439,2024-07-12,57,11,111,14,2,12000,24000,2,4
440,2024-11-08,5,14,34,3,2,9000,18000,3,4
441,2025-01-17,51,3,48,7,1,8000,8000,1,3
442,2024-09-23,87,13,163,4,1,7000,7000,2,4
443,2025-02-20,85,11,47,5,4,9000,36000,3,1
444,2024-06-11,71,20,171,14,1,12000,12000,2,2
445,2024-12-26,90,4,142,13,4,9000,36000,2,1
446,2024-10-21,34,10,41,2,3,8000,24000,4,2
447,2024-11-21,15,6,134,3,2,9000,18000,3,3
448,2024-12-12,67,6,17,1,1,7000,7000,1,4
449,2024-05-20,31,7,39,6,4,8000,32000,3,4
450,2024-07-26,26,16,6,5,1,9000,9000,1,4
451,2024-06-06,50,13,175,6,4,8000,32000,1,3
452,2024-10-04,71,16,131,12,1,10000,10000,2,1
453,2024-11-27,91,2,198,5,4,9000,36000,2,2
454,2024-06-06,33,7,156,6,4,8000,32000,4,3
455,2024-06-26,88,18,39,10,1,10000,10000,2,4
456,2024-09-10,79,12,2,12,2,10000,20000,1,3
457,2025-05-02,38,9,56,13,2,9000,18000,3,2
458,2024-08-04,63,4,140,1,2,7000,14000,2,3
459,2024-07-13,20,8,47,4,3,7000,21000,2,1
460,2024-06-10,23,18,143,13,1,9000,9000,3,4
461,2024-11-24,1,16,53,7,4,8000,32000,3,4
462,2024-08-10,24,19,157,12,3,10000,30000,1,2
463,2024-08-20,43,15,165,9,3,10000,30000,4,3
464,2024-11-18,58,19,192,4,4,7000,28000,3,1
465,2024-11-12,13,6,192,4,4,7000,28000,1,3
466,2024-12-17,87,3,117,1,4,7000,28000,2,2
467,2024-09-19,47,9,33,11,2,8000,16000,3,1
468,2024-08-12,39,12,38,5,2,9000,18000,4,4
469,2024-08-16,22,18,197,3,3,9000,27000,3,4
470,2025-01-28,75,13,74,10,3,10000,30000,1,3
471,2024-07-31,93,7,54,13,3,9000,27000,1,2
472,2024-10-23,99,8,40,3,1,9000,9000,3,1
473,2024-09-10,39,7,48,12,1,10000,10000,3,3
474,2024-12-03,12,13,79,6,1,8000,8000,3,3
475,2024-09-08,92,15,2,4,3,7000,21000,2,3
476,2025-02-09,50,15,75,2,1,8000,8000,2,3
477,2024-06-28,2,7,61,6,4,8000,32000,3,4
478,2025-02-18,38,17,7,14,4,12000,48000,3,2
479,2024-10-20,78,13,77,5,3,9000,27000,4,2
480,2025-04-23,54,1,89,3,4,9000,36000,4,1
481,2024-09-20,54,15,92,7,4,8000,32000,1,4
482,2024-11-22,98,6,149,14,2,12000,24000,2,1
483,2025-04-04,40,2,113,12,2,10000,20000,1,1
484,2024-10-19,41,6,72,6,4,8000,32000,1,2
485,2024-05-29,98,14,191,6,3,8000,24000,2,2
486,2024-07-13,40,9,46,5,2,9000,18000,1,2
487,2024-05-20,29,16,17,11,4,8000,32000,4,1
488,2025-01-26,47,16,54,11,3,8000,24000,4,3
489,2024-09-10,98,11,160,6,1,8000,8000,1,1
490,2025-04-14,34,9,26,12,4,10000,40000,2,1
491,2024-07-03,68,6,185,5,3,9000,27000,2,3
492,2025-04-15,71,3,109,8,3,9000,27000,4,4
493,2024-10-19,97,13,199,6,2,8000,16000,3,1
494,2025-04-28,18,14,166,8,2,9000,18000,3,2
495,2024-05-27,55,19,135,1,4,7000,28000,3,3
496,2025-01-28,54,10,168,7,1,8000,8000,4,2
497,2024-07-17,51,4,158,2,1,8000,8000,2,3
498,2024-08-17,28,7,97,1,3,7000,21000,3,4
499,2025-02-19,78,10,69,10,4,10000,40000,1,1
500,2025-02-27,29,1,165,10,1,10000,10000,3,3
501,2024-08-28,6,5,34,8,1,9000,9000,3,4
502,2024-08-19,23,20,50,3,1,9000,9000,1,1
503,2024-06-26,76,11,40,11,1,8000,8000,3,2
504,2024-10-31,1,1,156,5,2,9000,18000,3,1
505,2025-04-13,7,8,103,4,4,7000,28000,3,3
506,2024-11-04,41,14,87,7,4,8000,32000,3,2
507,2025-01-17,19,9,162,8,4,9000,36000,2,2
508,2024-11-15,37,13,121,1,2,7000,14000,1,3
509,2024-08-08,77,7,111,9,1,10000,10000,3,1
510,2024-12-02,33,1,105,8,2,9000,18000,4,2
511,2024-07-29,83,11,179,8,1,9000,9000,2,2
512,2024-07-27,71,17,24,8,4,9000,36000,1,3
513,2024-09-11,56,14,188,1,3,7000,21000,1,2
514,2024-06-25,10,10,67,5,1,9000,9000,1,4
515,2024-08-08,42,13,162,14,1,12000,12000,3,3
516,2024-11-05,2,18,129,7,4,8000,32000,3,4
517,2024-06-15,97,13,87,10,4,10000,40000,3,4
518,2025-02-05,8,14,9,7,4,8000,32000,2,1
519,2025-03-09,54,13,196,9,1,10000,10000,2,3
520,2024-07-23,28,19,191,1,1,7000,7000,1,3
521,2024-11-20,39,8,136,5,2,9000,18000,1,4
522,2024-10-17,21,20,21,11,1,8000,8000,2,2
523,2024-12-19,80,16,8,6,3,8000,24000,4,2
524,2024-12-19,5,6,12,6,2,8000,16000,1,2
525,2024-09-02,64,3,162,9,1,10000,10000,1,2
526,2025-01-26,9,19,154,13,3,9000,27000,1,2
527,2024-07-26,72,4,166,3,3,9000,27000,3,4
528,2025-04-01,97,12,106,1,4,7000,28000,3,1
529,2024-07-09,12,13,45,11,2,8000,16000,2,1
530,2024-11-16,3,17,145,8,1,9000,9000,3,4
531,2025-03-04,25,14,103,2,4,8000,32000,3,1
532,2024-05-30,63,7,133,4,3,7000,21000,4,2
533,2024-09-02,4,18,21,12,1,10000,10000,1,3
534,2025-03-28,37,4,22,10,2,10000,20000,2,2
535,2024-08-18,25,10,75,4,1,7000,7000,1,4
536,2024-07-11,61,18,186,3,4,9000,36000,2,1
537,2025-02-26,2,14,73,2,1,8000,8000,1,2
538,2025-03-09,99,12,184,5,2,9000,18000,3,4
539,2024-09-07,8,18,92,12,4,10000,40000,4,2
540,2025-02-06,89,17,149,9,2,10000,20000,3,1
541,2024-06-09,88,6,53,4,4,7000,28000,3,3
542,2025-05-01,51,1,100,13,2,9000,18000,1,4
543,2024-09-03,54,3,152,10,2,10000,20000,2,4
544,2025-03-21,49,1,71,10,4,10000,40000,1,4
545,2024-10-29,37,13,107,6,4,8000,32000,3,2
546,2024-07-16,55,6,131,5,2,9000,18000,3,2
547,2024-09-16,64,19,110,5,1,9000,9000,2,4
548,2024-09-14,87,18,107,14,4,12000,48000,4,4
549,2024-09-14,82,8,104,2,3,8000,24000,4,1
550,2025-04-09,53,11,46,7,1,8000,8000,4,3
551,2025-01-20,77,1,155,6,4,8000,32000,4,4
552,2024-11-29,80,17,108,11,3,8000,24000,3,4
553,2025-03-16,11,5,17,14,2,12000,24000,2,2
554,2024-06-12,29,5,71,8,3,9000,27000,4,3
555,2024-06-30,73,13,35,9,4,10000,40000,1,2
556,2024-05-21,31,9,61,4,1,7000,7000,3,2
557,2024-10-04,58,2,49,9,4,10000,40000,1,4
558,2025-04-30,55,16,161,11,2,8000,16000,2,3
559,2024-10-11,50,13,66,12,3,10000,30000,2,3
560,2025-04-21,2,12,174,13,3,9000,27000,3,3
561,2025-03-01,94,7,177,13,1,9000,9000,4,3
562,2025-04-30,42,18,187,3,4,9000,36000,4,1
563,2025-01-12,67,8,137,9,4,10000,40000,1,4
564,2025-04-18,14,5,77,11,2,8000,16000,1,3
565,2024-08-23,81,13,34,9,4,10000,40000,3,2
566,2025-02-02,29,10,14,11,1,8000,8000,3,2
567,2024-12-29,45,20,90,1,3,7000,21000,1,3
568,2024-11-14,26,7,53,3,1,9000,9000,3,2
569,2025-02-22,51,12,21,3,4,9000,36000,1,1
570,2024-09-25,68,16,102,11,4,8000,32000,3,4
571,2024-11-29,23,2,59,3,2,9000,18000,4,3
572,2025-05-06,72,19,104,4,1,7000,7000,1,4
573,2024-07-11,36,15,115,6,2,8000,16000,2,4
574,2025-01-23,45,10,21,1,2,7000,14000,3,3
575,2024-11-07,66,14,184,11,4,8000,32000,3,1
576,2024-06-20,75,10,72,3,1,9000,9000,3,1
577,2025-04-26,35,9,177,4,3,7000,21000,4,2
578,2024-07-09,89,13,22,5,3,9000,27000,1,1
579,2024-08-27,79,2,167,11,2,8000,16000,4,2
580,2025-05-04,21,19,189,6,4,8000,32000,2,2
581,2025-03-07,60,18,39,10,3,10000,30000,4,3
582,2024-11-20,56,11,79,5,2,9000,18000,3,3
583,2025-04-26,96,20,2,1,4,7000,28000,1,1
584,2025-04-03,39,18,49,2,1,8000,8000,2,3
585,2025-02-22,77,10,73,7,3,8000,24000,3,2
586,2024-12-23,93,6,83,8,4,9000,36000,2,3
587,2025-01-30,27,8,65,5,4,9000,36000,2,2
588,2024-10-02,85,17,48,5,1,9000,9000,3,1
589,2024-09-18,53,6,192,2,4,8000,32000,2,3
590,2024-12-07,4,7,134,11,2,8000,16000,4,1
591,2024-09-06,92,20,89,3,2,9000,18000,2,2
592,2024-08-05,65,17,147,1,4,7000,28000,2,3
593,2024-07-05,64,11,78,8,2,9000,18000,3,4
594,2025-04-17,6,17,28,12,2,10000,20000,3,1
595,2024-12-20,94,14,129,9,3,10000,30000,4,2
596,2025-04-03,45,15,187,7,3,8000,24000,3,1
597,2024-11-20,37,20,173,8,3,9000,27000,4,2
598,2025-03-14,23,9,6,14,3,12000,36000,3,2
599,2025-01-28,58,6,41,4,3,7000,21000,3,2
600,2024-05-11,74,11,115,14,3,12000,36000,4,2
601,2024-07-19,55,2,66,1,3,7000,21000,1,2
602,2025-01-17,70,15,118,6,4,8000,32000,3,3
603,2025-01-07,85,5,179,4,3,7000,21000,1,1
604,2024-07-08,3,10,134,11,3,8000,24000,3,1
605,2025-02-22,71,17,94,4,3,7000,21000,4,3
606,2024-09-13,89,15,110,7,1,8000,8000,4,3
607,2025-03-08,50,18,90,11,2,8000,16000,2,2
608,2024-05-30,61,14,17,2,3,8000,24000,2,3
609,2024-12-22,31,5,138,2,1,8000,8000,2,1
610,2025-04-16,84,1,50,12,3,10000,30000,1,3
611,2025-04-29,21,15,65,8,1,9000,9000,2,1
612,2025-02-16,94,12,62,10,1,10000,10000,4,1
613,2024-10-26,16,5,22,4,2,7000,14000,1,3
614,2024-12-16,52,18,53,13,4,9000,36000,3,2
615,2025-02-26,55,17,172,8,4,9000,36000,3,3
616,2024-11-21,14,17,69,2,3,8000,24000,2,2
617,2025-03-30,49,2,18,8,4,9000,36000,1,3
618,2025-03-13,65,17,189,5,4,9000,36000,4,2
619,2024-09-16,68,16,69,1,4,7000,28000,3,2
620,2025-01-16,84,16,56,3,2,9000,18000,3,3
621,2024-12-07,77,2,183,3,1,9000,9000,3,3
622,2024-11-21,14,9,56,7,4,8000,32000,3,2
623,2024-10-18,54,20,14,1,1,7000,7000,1,1
624,2025-01-27,1,11,11,11,3,8000,24000,3,2
625,2025-04-13,51,11,159,11,3,8000,24000,3,1
626,2024-09-23,44,17,3,11,4,8000,32000,1,3
627,2024-07-26,49,12,22,11,2,8000,16000,3,1
628,2024-09-20,92,6,83,7,1,8000,8000,1,3
629,2025-01-27,44,19,152,9,4,10000,40000,4,4
630,2024-11-10,6,5,98,6,3,8000,24000,4,4
631,2024-06-08,34,10,49,11,2,8000,16000,1,2
632,2024-12-01,87,12,130,14,4,12000,48000,3,4
633,2025-02-26,35,9,193,2,3,8000,24000,1,3
634,2024-08-07,10,11,53,3,4,9000,36000,3,4
635,2025-01-14,62,5,122,7,4,8000,32000,1,3
636,2024-12-04,99,17,57,14,4,12000,48000,4,3
637,2025-04-12,98,20,122,4,3,7000,21000,2,4
638,2025-03-26,45,13,115,11,2,8000,16000,4,2
639,2024-09-16,49,5,51,11,3,8000,24000,2,4
640,2024-08-29,78,13,28,11,3,8000,24000,2,4
641,2024-12-28,25,14,53,6,2,8000,16000,3,4
642,2024-06-02,33,7,116,12,1,10000,10000,4,4
643,2024-06-18,80,3,98,7,3,8000,24000,2,1
644,2025-02-12,41,10,158,1,4,7000,28000,2,1
645,2025-04-17,62,11,21,6,1,8000,8000,2,1
646,2024-12-16,18,6,35,1,4,7000,28000,4,2
647,2024-09-03,27,4,109,7,3,8000,24000,3,1
648,2025-04-26,86,12,103,7,1,8000,8000,3,4
649,2025-03-13,74,19,86,8,2,9000,18000,1,1
650,2024-11-04,45,8,193,6,3,8000,24000,4,3
651,2024-10-11,100,6,138,13,1,9000,9000,4,2
652,2024-10-26,70,18,136,7,3,8000,24000,4,3
653,2024-11-11,46,12,189,7,3,8000,24000,4,2
654,2024-10-02,60,12,74,3,2,9000,18000,3,2
655,2025-02-10,80,4,188,8,3,9000,27000,3,2
656,2024-08-09,19,2,107,8,4,9000,36000,2,3
657,2024-06-01,54,4,82,9,1,10000,10000,3,3
658,2024-07-02,21,10,45,8,1,9000,9000,4,2
659,2024-07-16,62,9,84,2,4,8000,32000,2,3
660,2024-07-30,26,16,4,3,3,9000,27000,4,2
661,2025-01-10,7,13,23,2,4,8000,32000,1,2
662,2024-08-31,53,1,49,14,2,12000,24000,3,1
663,2025-04-30,62,11,107,1,4,7000,28000,2,1
664,2025-04-02,8,12,149,14,1,12000,12000,3,3
665,2025-02-27,36,20,157,11,4,8000,32000,4,4
666,2024-07-04,53,19,171,13,4,9000,36000,1,1
667,2024-08-03,4,4,139,11,3,8000,24000,3,4
668,2024-07-06,11,16,51,10,4,10000,40000,1,2
669,2024-10-17,59,18,118,4,4,7000,28000,1,4
670,2025-02-21,21,18,82,6,4,8000,32000,1,2
671,2024-05-21,38,7,184,5,3,9000,27000,1,4
672,2024-07-19,69,13,145,1,4,7000,28000,2,1
673,2024-05-26,25,19,123,1,3,7000,21000,3,4
674,2024-12-28,81,8,96,12,1,10000,10000,1,2
675,2024-07-03,51,6,176,10,3,10000,30000,1,3
676,2024-07-11,69,16,192,2,2,8000,16000,1,3
677,2024-08-24,89,2,100,1,2,7000,14000,2,2
678,2024-10-07,8,19,2,10,1,10000,10000,3,4
679,2024-05-17,68,10,14,6,1,8000,8000,1,1
680,2025-05-10,87,16,131,9,3,10000,30000,2,4
681,2025-01-23,18,3,129,9,3,10000,30000,1,3
682,2025-02-17,80,2,49,14,1,12000,12000,1,3
683,2024-06-24,100,16,98,2,1,8000,8000,4,3
684,2025-02-05,91,10,118,9,4,10000,40000,3,2
685,2024-09-05,38,6,159,1,2,7000,14000,1,3
686,2024-06-27,50,5,105,9,4,10000,40000,1,3
687,2024-07-29,75,19,171,5,1,9000,9000,4,3
688,2024-10-24,91,5,67,12,4,10000,40000,2,1
689,2024-10-27,87,11,111,13,3,9000,27000,3,1
690,2024-06-29,66,20,156,2,1,8000,8000,3,1
691,2025-01-23,67,20,13,4,1,7000,7000,2,4
692,2024-11-08,73,5,104,2,3,8000,24000,1,2
693,2024-06-04,76,12,22,14,2,12000,24000,1,4
694,2024-11-18,91,19,56,10,2,10000,20000,3,1
695,2024-11-03,71,5,12,1,1,7000,7000,2,4
696,2025-05-10,20,7,143,1,2,7000,14000,2,4
697,2024-06-05,13,9,12,13,3,9000,27000,2,3
698,2024-08-23,57,19,142,7,2,8000,16000,3,3
699,2025-02-14,85,8,85,9,3,10000,30000,2,1
700,2024-06-03,87,14,23,13,1,9000,9000,1,4
701,2025-03-20,59,17,83,12,2,10000,20000,4,3
702,2024-12-15,69,1,33,5,3,9000,27000,4,1
703,2024-09-17,83,3,94,6,4,8000,32000,3,2
704,2025-04-11,24,14,139,10,3,10000,30000,4,4
705,2024-12-12,51,17,22,7,4,8000,32000,1,1
706,2024-12-22,4,13,83,5,3,9000,27000,2,2
707,2024-06-02,85,12,106,4,1,7000,7000,3,3
708,2024-10-05,87,9,44,9,2,10000,20000,3,3
709,2024-11-26,77,16,26,7,3,8000,24000,2,3
710,2025-05-05,22,20,48,6,3,8000,24000,1,3
711,2025-03-22,89,15,191,5,1,9000,9000,4,2
712,2024-07-02,57,8,109,11,2,8000,16000,1,1
713,2024-06-29,68,20,33,1,3,7000,21000,2,3
714,2024-11-18,90,13,56,14,4,12000,48000,2,4
715,2025-02-17,54,1,112,6,1,8000,8000,1,2
716,2025-05-08,17,2,5,8,4,9000,36000,4,1
717,2024-05-12,47,9,53,11,3,8000,24000,3,1
718,2024-07-16,5,5,60,2,1,8000,8000,3,4
719,2025-03-22,60,10,52,3,4,9000,36000,2,3
720,2024-11-28,64,2,104,12,3,10000,30000,2,4
721,2024-11-11,87,19,148,8,3,9000,27000,4,4
722,2024-06-19,41,9,69,4,1,7000,7000,4,4
723,2024-05-11,38,6,50,2,1,8000,8000,4,2
724,2024-06-21,50,3,95,14,1,12000,12000,2,4
725,2025-02-05,46,13,99,14,1,12000,12000,1,3
726,2024-09-30,73,8,165,1,4,7000,28000,3,4
727,2025-01-07,79,9,133,12,4,10000,40000,4,1
728,2024-07-28,7,7,144,2,1,8000,8000,3,1
729,2024-09-13,55,10,142,5,1,9000,9000,4,3
730,2025-04-22,44,14,190,6,1,8000,8000,4,2
731,2024-06-12,20,9,117,2,4,8000,32000,1,1
732,2025-04-11,75,12,64,7,4,8000,32000,3,2
733,2024-12-25,56,10,23,2,4,8000,32000,2,3
734,2024-11-17,53,19,111,4,2,7000,14000,2,4
735,2024-05-13,75,16,47,12,3,10000,30000,3,1
736,2025-03-16,54,3,56,14,1,12000,12000,2,1
737,2024-08-13,75,15,157,1,2,7000,14000,3,3
738,2024-09-18,37,14,124,8,1,9000,9000,1,3
739,2024-09-13,54,17,139,14,3,12000,36000,4,2
740,2025-01-11,12,7,110,13,3,9000,27000,1,1
741,2024-06-07,97,8,66,7,1,8000,8000,3,3
742,2024-10-10,88,8,9,10,3,10000,30000,4,4
743,2024-08-26,27,12,158,7,3,8000,24000,2,2
744,2024-08-12,93,2,35,11,2,8000,16000,3,1
745,2024-09-06,43,8,139,2,4,8000,32000,2,2
746,2025-04-18,53,5,186,1,2,7000,14000,2,4
747,2024-09-14,27,15,190,4,4,7000,28000,3,3
748,2025-02-09,90,13,5,6,3,8000,24000,3,1
749,2024-12-13,37,3,134,12,4,10000,40000,4,1
750,2025-05-06,72,20,74,11,4,8000,32000,1,4
751,2025-01-28,83,1,43,10,1,10000,10000,2,1
752,2024-06-02,16,11,135,1,3,7000,21000,1,4
753,2025-05-04,81,1,41,4,1,7000,7000,4,1
754,2024-09-28,7,9,43,14,4,12000,48000,4,3
755,2025-01-30,84,16,85,1,3,7000,21000,4,2
756,2025-01-17,99,13,72,4,4,7000,28000,4,2
757,2024-07-18,40,16,151,3,4,9000,36000,2,3
758,2024-11-15,55,4,3,10,1,10000,10000,2,2
759,2024-11-06,31,15,23,10,4,10000,40000,2,1
760,2024-05-10,27,7,115,1,4,7000,28000,3,3
761,2024-06-29,13,8,58,13,1,9000,9000,1,2
762,2025-02-03,86,9,54,11,2,8000,16000,1,3
763,2024-07-17,26,7,198,14,4,12000,48000,2,2
764,2024-11-08,100,10,63,9,2,10000,20000,3,3
765,2024-06-23,37,9,1,10,1,10000,10000,1,3
766,2024-07-17,28,3,59,7,4,8000,32000,1,4
767,2025-02-28,76,6,58,7,3,8000,24000,2,3
768,2024-06-28,1,3,132,1,4,7000,28000,2,2
769,2025-03-26,2,5,61,2,1,8000,8000,3,4
770,2024-05-30,88,7,109,12,3,10000,30000,1,3
771,2025-05-04,49,15,184,7,3,8000,24000,1,1
772,2025-01-01,35,10,73,3,4,9000,36000,1,3
773,2025-03-01,60,17,66,5,1,9000,9000,3,2
774,2024-08-06,64,15,163,6,1,8000,8000,2,2
775,2024-07-23,21,20,102,2,1,8000,8000,2,3
776,2025-01-12,58,1,178,13,3,9000,27000,1,1
777,2025-03-24,37,4,102,5,4,9000,36000,4,4
778,2024-10-02,41,14,162,12,1,10000,10000,2,1
779,2024-08-10,37,1,66,13,1,9000,9000,4,1
780,2024-05-16,48,8,144,12,1,10000,10000,2,4
781,2024-10-17,25,9,75,4,4,7000,28000,1,2
782,2025-01-01,20,1,117,2,2,8000,16000,4,4
783,2024-09-13,57,13,68,14,3,12000,36000,3,2
784,2025-04-09,25,5,186,1,4,7000,28000,1,1
785,2024-07-30,84,12,8,7,1,8000,8000,4,2
786,2025-02-13,11,1,8,13,2,9000,18000,4,2
787,2024-09-10,99,1,65,14,2,12000,24000,1,3
788,2024-05-16,52,13,162,12,2,10000,20000,2,3
789,2025-03-17,34,11,64,4,4,7000,28000,2,4
790,2025-01-15,3,18,160,8,3,9000,27000,1,4
791,2025-05-05,97,17,4,3,1,9000,9000,3,3
792,2024-12-13,3,10,17,10,1,10000,10000,3,2
793,2025-04-25,10,10,118,12,1,10000,10000,3,1
794,2024-05-22,18,17,129,1,4,7000,28000,4,2
795,2024-08-28,2,11,60,13,2,9000,18000,1,3
796,2025-02-01,69,2,123,4,3,7000,21000,1,3
797,2025-01-15,90,15,119,6,4,8000,32000,2,1
798,2025-01-21,21,6,32,5,1,9000,9000,1,4
799,2024-07-26,100,15,39,4,2,7000,14000,4,2
800,2024-07-29,70,11,143,5,4,9000,36000,1,2
801,2025-02-09,8,17,67,5,1,9000,9000,3,3
802,2024-09-30,13,16,186,5,1,9000,9000,2,3
803,2024-07-08,61,7,14,1,4,7000,28000,3,2
804,2025-04-10,93,4,69,2,1,8000,8000,2,2
805,2024-10-05,78,2,24,4,2,7000,14000,3,3
806,2025-04-01,38,9,141,3,4,9000,36000,1,2
807,2025-02-25,42,18,90,8,1,9000,9000,2,3
808,2024-10-18,88,18,74,1,2,7000,14000,1,2
809,2024-10-03,92,4,76,14,2,12000,24000,3,4
810,2024-06-11,75,6,61,1,3,7000,21000,1,2
811,2024-08-06,33,14,64,8,3,9000,27000,2,3
812,2025-02-11,41,13,76,4,1,7000,7000,2,1
813,2024-11-23,11,9,26,7,1,8000,8000,1,2
814,2025-04-26,64,8,51,14,3,12000,36000,2,2
815,2025-01-19,66,20,199,5,3,9000,27000,3,2
816,2025-03-09,25,5,90,6,4,8000,32000,3,2
817,2024-12-30,61,3,84,10,3,10000,30000,1,1
818,2024-10-23,47,12,122,3,3,9000,27000,2,2
819,2025-05-09,8,18,59,12,3,10000,30000,2,1
820,2024-12-25,45,15,155,12,2,10000,20000,4,1
821,2025-02-25,49,16,38,1,4,7000,28000,3,3
822,2025-02-27,6,16,160,11,1,8000,8000,2,1
823,2024-05-27,18,4,128,3,1,9000,9000,1,4
824,2024-09-16,25,2,100,5,3,9000,27000,1,2
825,2025-01-21,28,3,12,14,1,12000,12000,4,2
826,2024-11-02,97,13,5,13,4,9000,36000,2,1
827,2024-06-18,83,20,193,8,3,9000,27000,3,1
828,2024-12-28,27,3,159,2,3,8000,24000,2,4
829,2024-11-05,92,2,177,8,2,9000,18000,1,1
830,2025-01-27,80,4,196,11,2,8000,16000,4,2
831,2024-10-14,78,17,12,12,4,10000,40000,2,3
832,2025-05-10,64,9,108,8,4,9000,36000,2,2
833,2025-03-20,21,11,61,8,1,9000,9000,1,3
834,2024-11-06,74,8,130,5,4,9000,36000,2,4
835,2025-02-10,87,20,83,8,3,9000,27000,2,4
836,2024-06-11,84,18,178,12,2,10000,20000,1,2
837,2025-04-11,50,7,108,10,2,10000,20000,2,1
838,2024-10-16,84,12,94,8,1,9000,9000,3,4
839,2025-03-20,1,15,130,12,2,10000,20000,1,1
840,2025-04-13,89,15,34,14,3,12000,36000,3,4
841,2024-09-30,48,3,31,6,3,8000,24000,2,3
842,2025-01-06,100,5,90,8,2,9000,18000,1,1
843,2024-07-21,70,18,35,4,3,7000,21000,4,4
844,2024-05-28,2,15,170,10,4,10000,40000,2,3
845,2025-03-25,33,12,93,3,1,9000,9000,4,1
846,2024-06-26,7,7,66,4,2,7000,14000,2,3
847,2025-05-07,33,12,137,1,1,7000,7000,2,2
848,2024-07-09,41,3,186,7,1,8000,8000,3,4
849,2024-10-18,14,9,29,5,2,9000,18000,1,4
850,2025-01-23,61,12,198,3,4,9000,36000,4,1
851,2025-05-02,100,9,182,13,2,9000,18000,1,4
852,2024-11-10,15,11,89,4,4,7000,28000,4,2
853,2025-03-16,7,16,160,6,2,8000,16000,1,2
854,2025-02-14,87,4,25,4,4,7000,28000,2,1
855,2024-07-11,58,3,9,5,3,9000,27000,4,2
856,2025-01-20,53,14,25,10,2,10000,20000,1,1
857,2025-01-09,98,18,123,5,1,9000,9000,4,2
858,2025-01-22,40,14,34,12,4,10000,40000,1,4
859,2024-06-14,26,19,156,11,3,8000,24000,2,2
860,2024-09-12,7,17,142,12,2,10000,20000,4,2
861,2025-01-09,10,11,1,3,3,9000,27000,4,4
862,2024-06-05,20,10,105,11,2,8000,16000,3,2
863,2025-02-28,3,1,101,13,4,9000,36000,1,4
864,2025-04-24,73,11,83,7,4,8000,32000,2,3
865,2025-01-28,15,3,199,2,3,8000,24000,1,2
866,2024-06-03,34,7,15,4,1,7000,7000,1,1
867,2024-11-19,3,19,174,14,3,12000,36000,4,4
868,2024-09-13,16,11,15,1,3,7000,21000,2,4
869,2025-04-01,45,4,156,7,3,8000,24000,2,3
870,2025-01-13,73,3,29,5,4,9000,36000,1,2
871,2024-09-26,84,12,76,1,1,7000,7000,2,3
872,2025-03-15,61,10,114,8,1,9000,9000,2,2
873,2025-03-09,83,16,167,7,1,8000,8000,1,2
874,2025-04-19,37,1,180,9,1,10000,10000,2,3
875,2024-08-20,89,1,175,2,4,8000,32000,2,2
876,2024-10-09,20,10,41,8,2,9000,18000,1,4
877,2024-08-31,63,8,198,10,3,10000,30000,4,1
878,2024-10-21,28,3,31,9,2,10000,20000,2,2
879,2024-06-19,29,9,36,7,3,8000,24000,3,1
880,2024-09-28,98,8,37,2,3,8000,24000,4,4
881,2024-08-01,10,10,189,5,2,9000,18000,1,4
882,2024-07-19,21,13,83,8,2,9000,18000,3,4
883,2024-06-10,37,7,198,11,4,8000,32000,1,4
884,2025-04-05,17,16,196,2,4,8000,32000,2,3
885,2024-07-04,3,11,134,3,2,9000,18000,4,1
886,2024-05-24,88,9,187,10,1,10000,10000,3,1
887,2024-05-12,30,2,199,7,3,8000,24000,2,4
888,2025-01-15,93,20,179,13,4,9000,36000,2,1
889,2025-01-06,67,5,166,7,3,8000,24000,4,2
890,2025-03-04,59,11,71,5,1,9000,9000,2,2
891,2024-08-03,11,13,6,5,3,9000,27000,1,4
892,2025-01-02,20,13,56,1,3,7000,21000,4,4
893,2024-09-29,29,12,30,9,4,10000,40000,4,1
894,2025-01-13,9,2,181,13,3,9000,27000,2,2
895,2024-09-14,75,5,70,1,4,7000,28000,1,4
896,2024-10-10,85,15,99,5,3,9000,27000,4,1
897,2024-08-01,77,10,111,1,4,7000,28000,3,4
898,2024-05-24,25,13,23,7,3,8000,24000,3,3
899,2024-12-07,96,10,60,3,1,9000,9000,3,4
900,2024-10-06,8,12,6,4,2,7000,14000,2,3
901,2024-12-23,98,19,8,1,1,7000,7000,2,2
902,2025-02-04,17,4,41,7,1,8000,8000,1,2
903,2024-06-24,75,17,97,3,3,9000,27000,2,2
904,2025-01-31,28,3,112,11,3,8000,24000,4,1
905,2025-04-12,37,6,75,10,2,10000,20000,4,3
906,2024-08-05,24,7,37,12,1,10000,10000,3,1
907,2025-04-23,76,5,143,1,4,7000,28000,4,2
908,2024-08-09,49,7,123,13,2,9000,18000,2,1
909,2024-06-29,84,14,73,6,3,8000,24000,2,2
910,2025-01-19,35,19,28,5,4,9000,36000,3,1
911,2024-11-05,18,19,13,2,3,8000,24000,4,3
912,2025-04-28,15,4,161,4,2,7000,14000,3,1
913,2024-08-24,83,1,159,10,3,10000,30000,1,3
914,2024-11-20,35,9,153,7,3,8000,24000,3,1
915,2024-12-02,58,13,17,6,2,8000,16000,3,1
916,2024-10-23,59,12,183,3,1,9000,9000,1,4
917,2024-10-30,83,11,20,4,2,7000,14000,4,2
918,2025-05-01,3,20,118,2,1,8000,8000,1,3
919,2025-04-29,50,20,44,9,2,10000,20000,2,4
920,2024-07-13,29,7,159,13,2,9000,18000,2,3
921,2024-11-11,27,10,182,1,1,7000,7000,1,2
922,2024-07-11,76,7,157,8,2,9000,18000,1,1
923,2024-12-04,35,2,138,4,2,7000,14000,1,2
924,2025-01-14,69,14,111,1,3,7000,21000,4,4
925,2025-03-15,93,17,73,8,2,9000,18000,3,2
926,2024-12-29,78,10,16,3,2,9000,18000,2,2
927,2025-02-06,14,16,167,1,4,7000,28000,3,1
928,2025-01-30,11,7,54,3,2,9000,18000,4,4
929,2024-08-16,16,20,140,3,2,9000,18000,1,3
930,2024-11-22,98,10,124,7,3,8000,24000,1,2
931,2024-12-16,78,18,61,6,2,8000,16000,1,3
932,2024-08-09,5,16,112,13,2,9000,18000,3,1
933,2024-05-27,70,20,124,9,2,10000,20000,4,4
934,2025-02-01,32,19,2,7,1,8000,8000,3,2
935,2024-11-25,52,5,137,9,2,10000,20000,3,4
936,2024-10-20,51,18,146,9,2,10000,20000,2,4
937,2024-12-02,72,13,108,6,1,8000,8000,3,3
938,2025-05-10,87,1,90,13,3,9000,27000,1,3
939,2024-11-04,29,2,28,7,2,8000,16000,2,1
940,2024-06-12,12,6,9,9,3,10000,30000,2,3
941,2024-09-04,8,13,165,2,2,8000,16000,2,2
942,2024-11-22,23,10,122,2,4,8000,32000,2,4
943,2025-03-26,15,6,154,9,3,10000,30000,2,1
944,2025-05-09,93,16,116,11,2,8000,16000,4,1
945,2024-12-13,53,18,130,2,2,8000,16000,1,3
946,2025-03-04,86,8,185,2,3,8000,24000,2,2
947,2024-05-29,78,15,189,2,4,8000,32000,1,3
948,2025-03-14,55,12,119,13,3,9000,27000,3,4
949,2025-03-29,79,2,109,9,4,10000,40000,4,4
950,2024-07-15,85,19,45,3,2,9000,18000,2,2
951,2025-04-04,9,16,175,5,3,9000,27000,4,4
952,2024-05-18,75,2,83,10,3,10000,30000,3,4
953,2024-10-31,22,10,42,10,2,10000,20000,3,2
954,2025-02-09,91,9,197,5,3,9000,27000,3,4
955,2024-12-20,47,15,120,10,4,10000,40000,3,1
956,2024-08-27,92,16,72,1,2,7000,14000,4,3
957,2025-01-07,21,11,42,5,1,9000,9000,3,2
958,2024-11-04,58,15,41,13,4,9000,36000,4,1
959,2024-12-26,75,7,68,4,4,7000,28000,3,3
960,2025-03-30,21,5,85,12,2,10000,20000,1,3
961,2025-03-21,67,13,99,11,4,8000,32000,3,2
962,2024-10-24,26,9,129,12,4,10000,40000,3,3
963,2024-05-15,20,19,6,8,2,9000,18000,1,2
964,2025-01-23,29,15,4,8,2,9000,18000,2,1
965,2024-05-22,66,19,140,5,4,9000,36000,1,4
966,2025-04-20,30,2,42,11,3,8000,24000,1,1
967,2025-05-01,87,17,72,3,4,9000,36000,1,3
968,2024-06-07,12,6,158,9,2,10000,20000,4,2
969,2025-03-15,13,19,90,13,1,9000,9000,1,2
970,2024-12-07,94,5,162,9,4,10000,40000,4,4
971,2024-12-18,41,12,140,4,2,7000,14000,4,2
972,2024-10-20,77,18,99,10,3,10000,30000,3,3
973,2025-04-10,28,16,99,6,1,8000,8000,4,2
974,2025-02-05,54,4,130,14,1,12000,12000,1,2
975,2024-11-22,77,2,199,3,2,9000,18000,2,1
976,2025-03-28,14,12,184,6,1,8000,8000,1,3
977,2024-05-19,37,19,40,2,2,8000,16000,2,3
978,2024-07-24,2,20,137,2,3,8000,24000,2,3
979,2024-08-09,55,17,139,13,2,9000,18000,1,1
980,2024-06-21,49,13,4,8,3,9000,27000,1,2
981,2025-04-06,48,14,179,9,4,10000,40000,2,1
982,2025-01-06,35,5,158,7,3,8000,24000,4,4
983,2024-05-11,99,17,130,9,1,10000,10000,4,4
984,2025-03-15,17,19,176,11,1,8000,8000,4,1
985,2025-04-06,27,11,100,11,3,8000,24000,2,3
986,2024-11-19,27,3,73,8,3,9000,27000,1,3
987,2025-03-22,81,9,7,11,4,8000,32000,1,3
988,2025-02-22,36,18,168,7,4,8000,32000,1,2
989,2024-09-20,53,2,196,1,1,7000,7000,1,3
990,2024-06-29,93,3,163,1,4,7000,28000,1,3
991,2024-12-07,69,7,146,5,1,9000,9000,3,4
992,2024-07-28,89,12,77,8,3,9000,27000,3,4
993,2024-08-04,80,13,191,4,3,7000,21000,1,2
994,2024-07-02,25,18,98,13,3,9000,27000,2,1
995,2024-07-29,88,18,105,6,2,8000,16000,2,4
996,2025-01-11,99,1,25,12,4,10000,40000,1,2
997,2024-06-04,94,9,73,13,1,9000,9000,4,4
998,2024-10-21,89,14,99,10,4,10000,40000,3,3
999,2024-09-30,14,5,32,9,1,10000,10000,1,4
1000,2024-09-02,14,20,78,3,4,9000,36000,3,3
